forecast_date,target,target_end_date,location,type,quantile,value
2020-09-27,1 wk ahead cum death,2020-10-03,US,point,,209468
2020-09-27,1 wk ahead cum death,2020-10-03,Alabama,point,,2613
2020-09-27,1 wk ahead cum death,2020-10-03,Alaska,point,,83
2020-09-27,1 wk ahead cum death,2020-10-03,Arizona,point,,5717
2020-09-27,1 wk ahead cum death,2020-10-03,Arkansas,point,,1391
2020-09-27,1 wk ahead cum death,2020-10-03,California,point,,16055
2020-09-27,1 wk ahead cum death,2020-10-03,Colorado,point,,2104
2020-09-27,1 wk ahead cum death,2020-10-03,Connecticut,point,,4515
2020-09-27,1 wk ahead cum death,2020-10-03,Delaware,point,,640
2020-09-27,1 wk ahead cum death,2020-10-03,,point,,628
2020-09-27,1 wk ahead cum death,2020-10-03,Florida,point,,14505
2020-09-27,1 wk ahead cum death,2020-10-03,Georgia,point,,7125
2020-09-27,1 wk ahead cum death,2020-10-03,Hawaii,point,,146
2020-09-27,1 wk ahead cum death,2020-10-03,Idaho,point,,509
2020-09-27,1 wk ahead cum death,2020-10-03,Illinois,point,,8977
2020-09-27,1 wk ahead cum death,2020-10-03,Indiana,point,,3663
2020-09-27,1 wk ahead cum death,2020-10-03,Iowa,point,,1392
2020-09-27,1 wk ahead cum death,2020-10-03,Kansas,point,,749
2020-09-27,1 wk ahead cum death,2020-10-03,Kentucky,point,,1256
2020-09-27,1 wk ahead cum death,2020-10-03,Louisiana,point,,5540
2020-09-27,1 wk ahead cum death,2020-10-03,Maine,point,,151
2020-09-27,1 wk ahead cum death,2020-10-03,Maryland,point,,3972
2020-09-27,1 wk ahead cum death,2020-10-03,Massachusetts,point,,9452
2020-09-27,1 wk ahead cum death,2020-10-03,Michigan,point,,7145
2020-09-27,1 wk ahead cum death,2020-10-03,Minnesota,point,,2143
2020-09-27,1 wk ahead cum death,2020-10-03,Mississippi,point,,2990
2020-09-27,1 wk ahead cum death,2020-10-03,Missouri,point,,2180
2020-09-27,1 wk ahead cum death,2020-10-03,Montana,point,,228
2020-09-27,1 wk ahead cum death,2020-10-03,Nebraska,point,,564
2020-09-27,1 wk ahead cum death,2020-10-03,Nevada,point,,1640
2020-09-27,1 wk ahead cum death,2020-10-03,New Hampshire,point,,446
2020-09-27,1 wk ahead cum death,2020-10-03,New Jersey,point,,16146
2020-09-27,1 wk ahead cum death,2020-10-03,New Mexico,point,,897
2020-09-27,1 wk ahead cum death,2020-10-03,New York,point,,33216
2020-09-27,1 wk ahead cum death,2020-10-03,North Carolina,point,,3583
2020-09-27,1 wk ahead cum death,2020-10-03,North Dakota,point,,287
2020-09-27,1 wk ahead cum death,2020-10-03,Ohio,point,,4871
2020-09-27,1 wk ahead cum death,2020-10-03,Oklahoma,point,,1080
2020-09-27,1 wk ahead cum death,2020-10-03,Oregon,point,,582
2020-09-27,1 wk ahead cum death,2020-10-03,Pennsylvania,point,,8176
2020-09-27,1 wk ahead cum death,2020-10-03,Rhode Island,point,,1116
2020-09-27,1 wk ahead cum death,2020-10-03,South Carolina,point,,3424
2020-09-27,1 wk ahead cum death,2020-10-03,South Dakota,point,,280
2020-09-27,1 wk ahead cum death,2020-10-03,Tennessee,point,,2513
2020-09-27,1 wk ahead cum death,2020-10-03,Texas,point,,16259
2020-09-27,1 wk ahead cum death,2020-10-03,Utah,point,,493
2020-09-27,1 wk ahead cum death,2020-10-03,Vermont,point,,68
2020-09-27,1 wk ahead cum death,2020-10-03,Virginia,point,,3288
2020-09-27,1 wk ahead cum death,2020-10-03,Washington,point,,2153
2020-09-27,1 wk ahead cum death,2020-10-03,West Virginia,point,,382
2020-09-27,1 wk ahead cum death,2020-10-03,Wisconsin,point,,1363
2020-09-27,1 wk ahead cum death,2020-10-03,Wyoming,point,,66
2020-10-04,1 wk ahead cum death,2020-10-10,US,point,,214554
2020-10-04,1 wk ahead cum death,2020-10-10,Alabama,point,,2697
2020-10-04,1 wk ahead cum death,2020-10-10,Alaska,point,,90
2020-10-04,1 wk ahead cum death,2020-10-10,Arizona,point,,5808
2020-10-04,1 wk ahead cum death,2020-10-10,Arkansas,point,,1515
2020-10-04,1 wk ahead cum death,2020-10-10,California,point,,16566
2020-10-04,1 wk ahead cum death,2020-10-10,Colorado,point,,2129
2020-10-04,1 wk ahead cum death,2020-10-10,Connecticut,point,,4527
2020-10-04,1 wk ahead cum death,2020-10-10,Delaware,point,,653
2020-10-04,1 wk ahead cum death,2020-10-10,,point,,633
2020-10-04,1 wk ahead cum death,2020-10-10,Florida,point,,15099
2020-10-04,1 wk ahead cum death,2020-10-10,Georgia,point,,7355
2020-10-04,1 wk ahead cum death,2020-10-10,Hawaii,point,,166
2020-10-04,1 wk ahead cum death,2020-10-10,Idaho,point,,524
2020-10-04,1 wk ahead cum death,2020-10-10,Illinois,point,,9183
2020-10-04,1 wk ahead cum death,2020-10-10,Indiana,point,,3758
2020-10-04,1 wk ahead cum death,2020-10-10,Iowa,point,,1465
2020-10-04,1 wk ahead cum death,2020-10-10,Kansas,point,,799
2020-10-04,1 wk ahead cum death,2020-10-10,Kentucky,point,,1308
2020-10-04,1 wk ahead cum death,2020-10-10,Louisiana,point,,5633
2020-10-04,1 wk ahead cum death,2020-10-10,Maine,point,,153
2020-10-04,1 wk ahead cum death,2020-10-10,Maryland,point,,3998
2020-10-04,1 wk ahead cum death,2020-10-10,Massachusetts,point,,9572
2020-10-04,1 wk ahead cum death,2020-10-10,Michigan,point,,7220
2020-10-04,1 wk ahead cum death,2020-10-10,Minnesota,point,,2217
2020-10-04,1 wk ahead cum death,2020-10-10,Mississippi,point,,3094
2020-10-04,1 wk ahead cum death,2020-10-10,Missouri,point,,2344
2020-10-04,1 wk ahead cum death,2020-10-10,Montana,point,,246
2020-10-04,1 wk ahead cum death,2020-10-10,Nebraska,point,,593
2020-10-04,1 wk ahead cum death,2020-10-10,Nevada,point,,1678
2020-10-04,1 wk ahead cum death,2020-10-10,New Hampshire,point,,449
2020-10-04,1 wk ahead cum death,2020-10-10,New Jersey,point,,16182
2020-10-04,1 wk ahead cum death,2020-10-10,New Mexico,point,,920
2020-10-04,1 wk ahead cum death,2020-10-10,New York,point,,33291
2020-10-04,1 wk ahead cum death,2020-10-10,North Carolina,point,,3795
2020-10-04,1 wk ahead cum death,2020-10-10,North Dakota,point,,333
2020-10-04,1 wk ahead cum death,2020-10-10,Ohio,point,,5054
2020-10-04,1 wk ahead cum death,2020-10-10,Oklahoma,point,,1138
2020-10-04,1 wk ahead cum death,2020-10-10,Oregon,point,,613
2020-10-04,1 wk ahead cum death,2020-10-10,Pennsylvania,point,,8292
2020-10-04,1 wk ahead cum death,2020-10-10,Rhode Island,point,,1128
2020-10-04,1 wk ahead cum death,2020-10-10,South Carolina,point,,3545
2020-10-04,1 wk ahead cum death,2020-10-10,South Dakota,point,,308
2020-10-04,1 wk ahead cum death,2020-10-10,Tennessee,point,,2702
2020-10-04,1 wk ahead cum death,2020-10-10,Texas,point,,16850
2020-10-04,1 wk ahead cum death,2020-10-10,Utah,point,,521
2020-10-04,1 wk ahead cum death,2020-10-10,Vermont,point,,68
2020-10-04,1 wk ahead cum death,2020-10-10,Virginia,point,,3427
2020-10-04,1 wk ahead cum death,2020-10-10,Washington,point,,2202
2020-10-04,1 wk ahead cum death,2020-10-10,West Virginia,point,,411
2020-10-04,1 wk ahead cum death,2020-10-10,Wisconsin,point,,1470
2020-10-04,1 wk ahead cum death,2020-10-10,Wyoming,point,,70
2020-10-11,1 wk ahead cum death,2020-10-17,US,point,,219225
2020-10-11,1 wk ahead cum death,2020-10-17,Alabama,point,,2744
2020-10-11,1 wk ahead cum death,2020-10-17,Alaska,point,,93
2020-10-11,1 wk ahead cum death,2020-10-17,Arizona,point,,5833
2020-10-11,1 wk ahead cum death,2020-10-17,Arkansas,point,,1644
2020-10-11,1 wk ahead cum death,2020-10-17,California,point,,16986
2020-10-11,1 wk ahead cum death,2020-10-17,Colorado,point,,2181
2020-10-11,1 wk ahead cum death,2020-10-17,Connecticut,point,,4546
2020-10-11,1 wk ahead cum death,2020-10-17,Delaware,point,,663
2020-10-11,1 wk ahead cum death,2020-10-17,,point,,640
2020-10-11,1 wk ahead cum death,2020-10-17,Florida,point,,15632
2020-10-11,1 wk ahead cum death,2020-10-17,Georgia,point,,7571
2020-10-11,1 wk ahead cum death,2020-10-17,Hawaii,point,,182
2020-10-11,1 wk ahead cum death,2020-10-17,Idaho,point,,553
2020-10-11,1 wk ahead cum death,2020-10-17,Illinois,point,,9386
2020-10-11,1 wk ahead cum death,2020-10-17,Indiana,point,,3873
2020-10-11,1 wk ahead cum death,2020-10-17,Iowa,point,,1549
2020-10-11,1 wk ahead cum death,2020-10-17,Kansas,point,,878
2020-10-11,1 wk ahead cum death,2020-10-17,Kentucky,point,,1349
2020-10-11,1 wk ahead cum death,2020-10-17,Louisiana,point,,5708
2020-10-11,1 wk ahead cum death,2020-10-17,Maine,point,,154
2020-10-11,1 wk ahead cum death,2020-10-17,Maryland,point,,4028
2020-10-11,1 wk ahead cum death,2020-10-17,Massachusetts,point,,9657
2020-10-11,1 wk ahead cum death,2020-10-17,Michigan,point,,7320
2020-10-11,1 wk ahead cum death,2020-10-17,Minnesota,point,,2281
2020-10-11,1 wk ahead cum death,2020-10-17,Mississippi,point,,3171
2020-10-11,1 wk ahead cum death,2020-10-17,Missouri,point,,2581
2020-10-11,1 wk ahead cum death,2020-10-17,Montana,point,,268
2020-10-11,1 wk ahead cum death,2020-10-17,Nebraska,point,,616
2020-10-11,1 wk ahead cum death,2020-10-17,Nevada,point,,1703
2020-10-11,1 wk ahead cum death,2020-10-17,New Hampshire,point,,463
2020-10-11,1 wk ahead cum death,2020-10-17,New Jersey,point,,16219
2020-10-11,1 wk ahead cum death,2020-10-17,New Mexico,point,,938
2020-10-11,1 wk ahead cum death,2020-10-17,New York,point,,33385
2020-10-11,1 wk ahead cum death,2020-10-17,North Carolina,point,,3921
2020-10-11,1 wk ahead cum death,2020-10-17,North Dakota,point,,393
2020-10-11,1 wk ahead cum death,2020-10-17,Ohio,point,,5126
2020-10-11,1 wk ahead cum death,2020-10-17,Oklahoma,point,,1181
2020-10-11,1 wk ahead cum death,2020-10-17,Oregon,point,,645
2020-10-11,1 wk ahead cum death,2020-10-17,Pennsylvania,point,,8435
2020-10-11,1 wk ahead cum death,2020-10-17,Rhode Island,point,,1140
2020-10-11,1 wk ahead cum death,2020-10-17,South Carolina,point,,3642
2020-10-11,1 wk ahead cum death,2020-10-17,South Dakota,point,,348
2020-10-11,1 wk ahead cum death,2020-10-17,Tennessee,point,,2894
2020-10-11,1 wk ahead cum death,2020-10-17,Texas,point,,17466
2020-10-11,1 wk ahead cum death,2020-10-17,Utah,point,,558
2020-10-11,1 wk ahead cum death,2020-10-17,Vermont,point,,67
2020-10-11,1 wk ahead cum death,2020-10-17,Virginia,point,,3477
2020-10-11,1 wk ahead cum death,2020-10-17,Washington,point,,2249
2020-10-11,1 wk ahead cum death,2020-10-17,West Virginia,point,,430
2020-10-11,1 wk ahead cum death,2020-10-17,Wisconsin,point,,1573
2020-10-11,1 wk ahead cum death,2020-10-17,Wyoming,point,,72
2020-10-18,1 wk ahead cum death,2020-10-24,US,point,,224619
2020-10-18,1 wk ahead cum death,2020-10-24,Alabama,point,,2877
2020-10-18,1 wk ahead cum death,2020-10-24,Alaska,point,,96
2020-10-18,1 wk ahead cum death,2020-10-24,Arizona,point,,5893
2020-10-18,1 wk ahead cum death,2020-10-24,Arkansas,point,,1795
2020-10-18,1 wk ahead cum death,2020-10-24,California,point,,17380
2020-10-18,1 wk ahead cum death,2020-10-24,Colorado,point,,2245
2020-10-18,1 wk ahead cum death,2020-10-24,Connecticut,point,,4561
2020-10-18,1 wk ahead cum death,2020-10-24,Delaware,point,,676
2020-10-18,1 wk ahead cum death,2020-10-24,,point,,647
2020-10-18,1 wk ahead cum death,2020-10-24,Florida,point,,16459
2020-10-18,1 wk ahead cum death,2020-10-24,Georgia,point,,7786
2020-10-18,1 wk ahead cum death,2020-10-24,Hawaii,point,,206
2020-10-18,1 wk ahead cum death,2020-10-24,Idaho,point,,579
2020-10-18,1 wk ahead cum death,2020-10-24,Illinois,point,,9658
2020-10-18,1 wk ahead cum death,2020-10-24,Indiana,point,,4042
2020-10-18,1 wk ahead cum death,2020-10-24,Iowa,point,,1628
2020-10-18,1 wk ahead cum death,2020-10-24,Kansas,point,,966
2020-10-18,1 wk ahead cum death,2020-10-24,Kentucky,point,,1409
2020-10-18,1 wk ahead cum death,2020-10-24,Louisiana,point,,5805
2020-10-18,1 wk ahead cum death,2020-10-24,Maine,point,,155
2020-10-18,1 wk ahead cum death,2020-10-24,Maryland,point,,4078
2020-10-18,1 wk ahead cum death,2020-10-24,Massachusetts,point,,9827
2020-10-18,1 wk ahead cum death,2020-10-24,Michigan,point,,7456
2020-10-18,1 wk ahead cum death,2020-10-24,Minnesota,point,,2370
2020-10-18,1 wk ahead cum death,2020-10-24,Mississippi,point,,3255
2020-10-18,1 wk ahead cum death,2020-10-24,Missouri,point,,2770
2020-10-18,1 wk ahead cum death,2020-10-24,Montana,point,,300
2020-10-18,1 wk ahead cum death,2020-10-24,Nebraska,point,,642
2020-10-18,1 wk ahead cum death,2020-10-24,Nevada,point,,1752
2020-10-18,1 wk ahead cum death,2020-10-24,New Hampshire,point,,477
2020-10-18,1 wk ahead cum death,2020-10-24,New Jersey,point,,16258
2020-10-18,1 wk ahead cum death,2020-10-24,New Mexico,point,,960
2020-10-18,1 wk ahead cum death,2020-10-24,New York,point,,33476
2020-10-18,1 wk ahead cum death,2020-10-24,North Carolina,point,,4098
2020-10-18,1 wk ahead cum death,2020-10-24,North Dakota,point,,458
2020-10-18,1 wk ahead cum death,2020-10-24,Ohio,point,,5198
2020-10-18,1 wk ahead cum death,2020-10-24,Oklahoma,point,,1255
2020-10-18,1 wk ahead cum death,2020-10-24,Oregon,point,,663
2020-10-18,1 wk ahead cum death,2020-10-24,Pennsylvania,point,,8573
2020-10-18,1 wk ahead cum death,2020-10-24,Rhode Island,point,,1161
2020-10-18,1 wk ahead cum death,2020-10-24,South Carolina,point,,3732
2020-10-18,1 wk ahead cum death,2020-10-24,South Dakota,point,,378
2020-10-18,1 wk ahead cum death,2020-10-24,Tennessee,point,,3079
2020-10-18,1 wk ahead cum death,2020-10-24,Texas,point,,17968
2020-10-18,1 wk ahead cum death,2020-10-24,Utah,point,,593
2020-10-18,1 wk ahead cum death,2020-10-24,Vermont,point,,65
2020-10-18,1 wk ahead cum death,2020-10-24,Virginia,point,,3525
2020-10-18,1 wk ahead cum death,2020-10-24,Washington,point,,2299
2020-10-18,1 wk ahead cum death,2020-10-24,West Virginia,point,,442
2020-10-18,1 wk ahead cum death,2020-10-24,Wisconsin,point,,1720
2020-10-18,1 wk ahead cum death,2020-10-24,Wyoming,point,,73
2020-10-25,1 wk ahead cum death,2020-10-31,US,point,,230061
2020-10-25,1 wk ahead cum death,2020-10-31,Alabama,point,,2966
2020-10-25,1 wk ahead cum death,2020-10-31,Alaska,point,,104
2020-10-25,1 wk ahead cum death,2020-10-31,Arizona,point,,5930
2020-10-25,1 wk ahead cum death,2020-10-31,Arkansas,point,,1899
2020-10-25,1 wk ahead cum death,2020-10-31,California,point,,17681
2020-10-25,1 wk ahead cum death,2020-10-31,Colorado,point,,2314
2020-10-25,1 wk ahead cum death,2020-10-31,Connecticut,point,,4599
2020-10-25,1 wk ahead cum death,2020-10-31,Delaware,point,,692
2020-10-25,1 wk ahead cum death,2020-10-31,,point,,647
2020-10-25,1 wk ahead cum death,2020-10-31,Florida,point,,16891
2020-10-25,1 wk ahead cum death,2020-10-31,Georgia,point,,7977
2020-10-25,1 wk ahead cum death,2020-10-31,Hawaii,point,,228
2020-10-25,1 wk ahead cum death,2020-10-31,Idaho,point,,626
2020-10-25,1 wk ahead cum death,2020-10-31,Illinois,point,,9953
2020-10-25,1 wk ahead cum death,2020-10-31,Indiana,point,,4260
2020-10-25,1 wk ahead cum death,2020-10-31,Iowa,point,,1738
2020-10-25,1 wk ahead cum death,2020-10-31,Kansas,point,,1076
2020-10-25,1 wk ahead cum death,2020-10-31,Kentucky,point,,1517
2020-10-25,1 wk ahead cum death,2020-10-31,Louisiana,point,,5890
2020-10-25,1 wk ahead cum death,2020-10-31,Maine,point,,157
2020-10-25,1 wk ahead cum death,2020-10-31,Maryland,point,,4134
2020-10-25,1 wk ahead cum death,2020-10-31,Massachusetts,point,,9923
2020-10-25,1 wk ahead cum death,2020-10-31,Michigan,point,,7656
2020-10-25,1 wk ahead cum death,2020-10-31,Minnesota,point,,2500
2020-10-25,1 wk ahead cum death,2020-10-31,Mississippi,point,,3333
2020-10-25,1 wk ahead cum death,2020-10-31,Missouri,point,,2985
2020-10-25,1 wk ahead cum death,2020-10-31,Montana,point,,366
2020-10-25,1 wk ahead cum death,2020-10-31,Nebraska,point,,699
2020-10-25,1 wk ahead cum death,2020-10-31,Nevada,point,,1782
2020-10-25,1 wk ahead cum death,2020-10-31,New Hampshire,point,,484
2020-10-25,1 wk ahead cum death,2020-10-31,New Jersey,point,,16338
2020-10-25,1 wk ahead cum death,2020-10-31,New Mexico,point,,1004
2020-10-25,1 wk ahead cum death,2020-10-31,New York,point,,33541
2020-10-25,1 wk ahead cum death,2020-10-31,North Carolina,point,,4313
2020-10-25,1 wk ahead cum death,2020-10-31,North Dakota,point,,513
2020-10-25,1 wk ahead cum death,2020-10-31,Ohio,point,,5332
2020-10-25,1 wk ahead cum death,2020-10-31,Oklahoma,point,,1338
2020-10-25,1 wk ahead cum death,2020-10-31,Oregon,point,,699
2020-10-25,1 wk ahead cum death,2020-10-31,Pennsylvania,point,,8765
2020-10-25,1 wk ahead cum death,2020-10-31,Rhode Island,point,,1189
2020-10-25,1 wk ahead cum death,2020-10-31,South Carolina,point,,3877
2020-10-25,1 wk ahead cum death,2020-10-31,South Dakota,point,,437
2020-10-25,1 wk ahead cum death,2020-10-31,Tennessee,point,,3249
2020-10-25,1 wk ahead cum death,2020-10-31,Texas,point,,18347
2020-10-25,1 wk ahead cum death,2020-10-31,Utah,point,,626
2020-10-25,1 wk ahead cum death,2020-10-31,Vermont,point,,68
2020-10-25,1 wk ahead cum death,2020-10-31,Virginia,point,,3691
2020-10-25,1 wk ahead cum death,2020-10-31,Washington,point,,2359
2020-10-25,1 wk ahead cum death,2020-10-31,West Virginia,point,,467
2020-10-25,1 wk ahead cum death,2020-10-31,Wisconsin,point,,1914
2020-10-25,1 wk ahead cum death,2020-10-31,Wyoming,point,,89
2020-11-01,1 wk ahead cum death,2020-11-07,US,point,,236332
2020-11-01,1 wk ahead cum death,2020-11-07,Alabama,point,,3086
2020-11-01,1 wk ahead cum death,2020-11-07,Alaska,point,,116
2020-11-01,1 wk ahead cum death,2020-11-07,Arizona,point,,6043
2020-11-01,1 wk ahead cum death,2020-11-07,Arkansas,point,,2033
2020-11-01,1 wk ahead cum death,2020-11-07,California,point,,17964
2020-11-01,1 wk ahead cum death,2020-11-07,Colorado,point,,2382
2020-11-01,1 wk ahead cum death,2020-11-07,Connecticut,point,,4648
2020-11-01,1 wk ahead cum death,2020-11-07,Delaware,point,,722
2020-11-01,1 wk ahead cum death,2020-11-07,,point,,650
2020-11-01,1 wk ahead cum death,2020-11-07,Florida,point,,17205
2020-11-01,1 wk ahead cum death,2020-11-07,Georgia,point,,8158
2020-11-01,1 wk ahead cum death,2020-11-07,Hawaii,point,,234
2020-11-01,1 wk ahead cum death,2020-11-07,Idaho,point,,695
2020-11-01,1 wk ahead cum death,2020-11-07,Illinois,point,,10257
2020-11-01,1 wk ahead cum death,2020-11-07,Indiana,point,,4525
2020-11-01,1 wk ahead cum death,2020-11-07,Iowa,point,,1837
2020-11-01,1 wk ahead cum death,2020-11-07,Kansas,point,,1147
2020-11-01,1 wk ahead cum death,2020-11-07,Kentucky,point,,1616
2020-11-01,1 wk ahead cum death,2020-11-07,Louisiana,point,,5997
2020-11-01,1 wk ahead cum death,2020-11-07,Maine,point,,157
2020-11-01,1 wk ahead cum death,2020-11-07,Maryland,point,,4199
2020-11-01,1 wk ahead cum death,2020-11-07,Massachusetts,point,,10089
2020-11-01,1 wk ahead cum death,2020-11-07,Michigan,point,,7869
2020-11-01,1 wk ahead cum death,2020-11-07,Minnesota,point,,2648
2020-11-01,1 wk ahead cum death,2020-11-07,Mississippi,point,,3421
2020-11-01,1 wk ahead cum death,2020-11-07,Missouri,point,,3220
2020-11-01,1 wk ahead cum death,2020-11-07,Montana,point,,454
2020-11-01,1 wk ahead cum death,2020-11-07,Nebraska,point,,756
2020-11-01,1 wk ahead cum death,2020-11-07,Nevada,point,,1818
2020-11-01,1 wk ahead cum death,2020-11-07,New Hampshire,point,,495
2020-11-01,1 wk ahead cum death,2020-11-07,New Jersey,point,,16433
2020-11-01,1 wk ahead cum death,2020-11-07,New Mexico,point,,1069
2020-11-01,1 wk ahead cum death,2020-11-07,New York,point,,33647
2020-11-01,1 wk ahead cum death,2020-11-07,North Carolina,point,,4580
2020-11-01,1 wk ahead cum death,2020-11-07,North Dakota,point,,593
2020-11-01,1 wk ahead cum death,2020-11-07,Ohio,point,,5473
2020-11-01,1 wk ahead cum death,2020-11-07,Oklahoma,point,,1452
2020-11-01,1 wk ahead cum death,2020-11-07,Oregon,point,,736
2020-11-01,1 wk ahead cum death,2020-11-07,Pennsylvania,point,,8962
2020-11-01,1 wk ahead cum death,2020-11-07,Rhode Island,point,,1218
2020-11-01,1 wk ahead cum death,2020-11-07,South Carolina,point,,4036
2020-11-01,1 wk ahead cum death,2020-11-07,South Dakota,point,,504
2020-11-01,1 wk ahead cum death,2020-11-07,Tennessee,point,,3546
2020-11-01,1 wk ahead cum death,2020-11-07,Texas,point,,18896
2020-11-01,1 wk ahead cum death,2020-11-07,Utah,point,,658
2020-11-01,1 wk ahead cum death,2020-11-07,Vermont,point,,67
2020-11-01,1 wk ahead cum death,2020-11-07,Virginia,point,,3785
2020-11-01,1 wk ahead cum death,2020-11-07,Washington,point,,2432
2020-11-01,1 wk ahead cum death,2020-11-07,West Virginia,point,,504
2020-11-01,1 wk ahead cum death,2020-11-07,Wisconsin,point,,2247
2020-11-01,1 wk ahead cum death,2020-11-07,Wyoming,point,,114
2020-11-08,1 wk ahead cum death,2020-11-14,US,point,,243755
2020-11-08,1 wk ahead cum death,2020-11-14,Alabama,point,,3202
2020-11-08,1 wk ahead cum death,2020-11-14,Alaska,point,,130
2020-11-08,1 wk ahead cum death,2020-11-14,Arizona,point,,6249
2020-11-08,1 wk ahead cum death,2020-11-14,Arkansas,point,,2180
2020-11-08,1 wk ahead cum death,2020-11-14,California,point,,18338
2020-11-08,1 wk ahead cum death,2020-11-14,Colorado,point,,2517
2020-11-08,1 wk ahead cum death,2020-11-14,Connecticut,point,,4712
2020-11-08,1 wk ahead cum death,2020-11-14,Delaware,point,,733
2020-11-08,1 wk ahead cum death,2020-11-14,,point,,660
2020-11-08,1 wk ahead cum death,2020-11-14,Florida,point,,17432
2020-11-08,1 wk ahead cum death,2020-11-14,Georgia,point,,8375
2020-11-08,1 wk ahead cum death,2020-11-14,Hawaii,point,,233
2020-11-08,1 wk ahead cum death,2020-11-14,Idaho,point,,759
2020-11-08,1 wk ahead cum death,2020-11-14,Illinois,point,,10942
2020-11-08,1 wk ahead cum death,2020-11-14,Indiana,point,,4817
2020-11-08,1 wk ahead cum death,2020-11-14,Iowa,point,,1994
2020-11-08,1 wk ahead cum death,2020-11-14,Kansas,point,,1234
2020-11-08,1 wk ahead cum death,2020-11-14,Kentucky,point,,1717
2020-11-08,1 wk ahead cum death,2020-11-14,Louisiana,point,,6088
2020-11-08,1 wk ahead cum death,2020-11-14,Maine,point,,164
2020-11-08,1 wk ahead cum death,2020-11-14,Maryland,point,,4269
2020-11-08,1 wk ahead cum death,2020-11-14,Massachusetts,point,,10234
2020-11-08,1 wk ahead cum death,2020-11-14,Michigan,point,,8152
2020-11-08,1 wk ahead cum death,2020-11-14,Minnesota,point,,2848
2020-11-08,1 wk ahead cum death,2020-11-14,Mississippi,point,,3519
2020-11-08,1 wk ahead cum death,2020-11-14,Missouri,point,,3366
2020-11-08,1 wk ahead cum death,2020-11-14,Montana,point,,538
2020-11-08,1 wk ahead cum death,2020-11-14,Nebraska,point,,826
2020-11-08,1 wk ahead cum death,2020-11-14,Nevada,point,,1911
2020-11-08,1 wk ahead cum death,2020-11-14,New Hampshire,point,,503
2020-11-08,1 wk ahead cum death,2020-11-14,New Jersey,point,,16520
2020-11-08,1 wk ahead cum death,2020-11-14,New Mexico,point,,1167
2020-11-08,1 wk ahead cum death,2020-11-14,New York,point,,33833
2020-11-08,1 wk ahead cum death,2020-11-14,North Carolina,point,,4825
2020-11-08,1 wk ahead cum death,2020-11-14,North Dakota,point,,710
2020-11-08,1 wk ahead cum death,2020-11-14,Ohio,point,,5702
2020-11-08,1 wk ahead cum death,2020-11-14,Oklahoma,point,,1540
2020-11-08,1 wk ahead cum death,2020-11-14,Oregon,point,,784
2020-11-08,1 wk ahead cum death,2020-11-14,Pennsylvania,point,,9180
2020-11-08,1 wk ahead cum death,2020-11-14,Rhode Island,point,,1246
2020-11-08,1 wk ahead cum death,2020-11-14,South Carolina,point,,4125
2020-11-08,1 wk ahead cum death,2020-11-14,South Dakota,point,,616
2020-11-08,1 wk ahead cum death,2020-11-14,Tennessee,point,,3803
2020-11-08,1 wk ahead cum death,2020-11-14,Texas,point,,19645
2020-11-08,1 wk ahead cum death,2020-11-14,Utah,point,,727
2020-11-08,1 wk ahead cum death,2020-11-14,Vermont,point,,69
2020-11-08,1 wk ahead cum death,2020-11-14,Virginia,point,,3849
2020-11-08,1 wk ahead cum death,2020-11-14,Washington,point,,2512
2020-11-08,1 wk ahead cum death,2020-11-14,West Virginia,point,,559
2020-11-08,1 wk ahead cum death,2020-11-14,Wisconsin,point,,2579
2020-11-08,1 wk ahead cum death,2020-11-14,Wyoming,point,,137
2020-11-15,1 wk ahead cum death,2020-11-21,US,point,,253587
2020-11-15,1 wk ahead cum death,2020-11-21,Alabama,point,,3384
2020-11-15,1 wk ahead cum death,2020-11-21,Alaska,point,,145
2020-11-15,1 wk ahead cum death,2020-11-21,Arizona,point,,6431
2020-11-15,1 wk ahead cum death,2020-11-21,Arkansas,point,,2293
2020-11-15,1 wk ahead cum death,2020-11-21,California,point,,18598
2020-11-15,1 wk ahead cum death,2020-11-21,Colorado,point,,2691
2020-11-15,1 wk ahead cum death,2020-11-21,Connecticut,point,,4799
2020-11-15,1 wk ahead cum death,2020-11-21,Delaware,point,,752
2020-11-15,1 wk ahead cum death,2020-11-21,,point,,668
2020-11-15,1 wk ahead cum death,2020-11-21,Florida,point,,17823
2020-11-15,1 wk ahead cum death,2020-11-21,Georgia,point,,9394
2020-11-15,1 wk ahead cum death,2020-11-21,Hawaii,point,,233
2020-11-15,1 wk ahead cum death,2020-11-21,Idaho,point,,847
2020-11-15,1 wk ahead cum death,2020-11-21,Illinois,point,,11624
2020-11-15,1 wk ahead cum death,2020-11-21,Indiana,point,,5162
2020-11-15,1 wk ahead cum death,2020-11-21,Iowa,point,,2197
2020-11-15,1 wk ahead cum death,2020-11-21,Kansas,point,,1342
2020-11-15,1 wk ahead cum death,2020-11-21,Kentucky,point,,1821
2020-11-15,1 wk ahead cum death,2020-11-21,Louisiana,point,,6201
2020-11-15,1 wk ahead cum death,2020-11-21,Maine,point,,180
2020-11-15,1 wk ahead cum death,2020-11-21,Maryland,point,,4367
2020-11-15,1 wk ahead cum death,2020-11-21,Massachusetts,point,,10426
2020-11-15,1 wk ahead cum death,2020-11-21,Michigan,point,,8661
2020-11-15,1 wk ahead cum death,2020-11-21,Minnesota,point,,3168
2020-11-15,1 wk ahead cum death,2020-11-21,Mississippi,point,,3638
2020-11-15,1 wk ahead cum death,2020-11-21,Missouri,point,,3612
2020-11-15,1 wk ahead cum death,2020-11-21,Montana,point,,609
2020-11-15,1 wk ahead cum death,2020-11-21,Nebraska,point,,924
2020-11-15,1 wk ahead cum death,2020-11-21,Nevada,point,,1970
2020-11-15,1 wk ahead cum death,2020-11-21,New Hampshire,point,,514
2020-11-15,1 wk ahead cum death,2020-11-21,New Jersey,point,,16671
2020-11-15,1 wk ahead cum death,2020-11-21,New Mexico,point,,1297
2020-11-15,1 wk ahead cum death,2020-11-21,New York,point,,34197
2020-11-15,1 wk ahead cum death,2020-11-21,North Carolina,point,,4981
2020-11-15,1 wk ahead cum death,2020-11-21,North Dakota,point,,832
2020-11-15,1 wk ahead cum death,2020-11-21,Ohio,point,,5975
2020-11-15,1 wk ahead cum death,2020-11-21,Oklahoma,point,,1638
2020-11-15,1 wk ahead cum death,2020-11-21,Oregon,point,,827
2020-11-15,1 wk ahead cum death,2020-11-21,Pennsylvania,point,,9473
2020-11-15,1 wk ahead cum death,2020-11-21,Rhode Island,point,,1279
2020-11-15,1 wk ahead cum death,2020-11-21,South Carolina,point,,4220
2020-11-15,1 wk ahead cum death,2020-11-21,South Dakota,point,,726
2020-11-15,1 wk ahead cum death,2020-11-21,Tennessee,point,,4093
2020-11-15,1 wk ahead cum death,2020-11-21,Texas,point,,20564
2020-11-15,1 wk ahead cum death,2020-11-21,Utah,point,,792
2020-11-15,1 wk ahead cum death,2020-11-21,Vermont,point,,69
2020-11-15,1 wk ahead cum death,2020-11-21,Virginia,point,,3944
2020-11-15,1 wk ahead cum death,2020-11-21,Washington,point,,2612
2020-11-15,1 wk ahead cum death,2020-11-21,West Virginia,point,,637
2020-11-15,1 wk ahead cum death,2020-11-21,Wisconsin,point,,3044
2020-11-15,1 wk ahead cum death,2020-11-21,Wyoming,point,,184
2020-11-22,1 wk ahead cum death,2020-11-28,US,point,,267575
2020-11-22,1 wk ahead cum death,2020-11-28,Alabama,point,,3651
2020-11-22,1 wk ahead cum death,2020-11-28,Alaska,point,,152
2020-11-22,1 wk ahead cum death,2020-11-28,Arizona,point,,6649
2020-11-22,1 wk ahead cum death,2020-11-28,Arkansas,point,,2504
2020-11-22,1 wk ahead cum death,2020-11-28,California,point,,19186
2020-11-22,1 wk ahead cum death,2020-11-28,Colorado,point,,3082
2020-11-22,1 wk ahead cum death,2020-11-28,Connecticut,point,,4934
2020-11-22,1 wk ahead cum death,2020-11-28,Delaware,point,,772
2020-11-22,1 wk ahead cum death,2020-11-28,,point,,681
2020-11-22,1 wk ahead cum death,2020-11-28,Florida,point,,18408
2020-11-22,1 wk ahead cum death,2020-11-28,Georgia,point,,9707
2020-11-22,1 wk ahead cum death,2020-11-28,Hawaii,point,,241
2020-11-22,1 wk ahead cum death,2020-11-28,Idaho,point,,959
2020-11-22,1 wk ahead cum death,2020-11-28,Illinois,point,,12885
2020-11-22,1 wk ahead cum death,2020-11-28,Indiana,point,,5679
2020-11-22,1 wk ahead cum death,2020-11-28,Iowa,point,,2502
2020-11-22,1 wk ahead cum death,2020-11-28,Kansas,point,,1532
2020-11-22,1 wk ahead cum death,2020-11-28,Kentucky,point,,1992
2020-11-22,1 wk ahead cum death,2020-11-28,Louisiana,point,,6387
2020-11-22,1 wk ahead cum death,2020-11-28,Maine,point,,201
2020-11-22,1 wk ahead cum death,2020-11-28,Maryland,point,,4557
2020-11-22,1 wk ahead cum death,2020-11-28,Massachusetts,point,,10689
2020-11-22,1 wk ahead cum death,2020-11-28,Michigan,point,,9405
2020-11-22,1 wk ahead cum death,2020-11-28,Minnesota,point,,3693
2020-11-22,1 wk ahead cum death,2020-11-28,Mississippi,point,,3789
2020-11-22,1 wk ahead cum death,2020-11-28,Missouri,point,,3895
2020-11-22,1 wk ahead cum death,2020-11-28,Montana,point,,708
2020-11-22,1 wk ahead cum death,2020-11-28,Nebraska,point,,1081
2020-11-22,1 wk ahead cum death,2020-11-28,Nevada,point,,2110
2020-11-22,1 wk ahead cum death,2020-11-28,New Hampshire,point,,529
2020-11-22,1 wk ahead cum death,2020-11-28,New Jersey,point,,16954
2020-11-22,1 wk ahead cum death,2020-11-28,New Mexico,point,,1484
2020-11-22,1 wk ahead cum death,2020-11-28,New York,point,,34591
2020-11-22,1 wk ahead cum death,2020-11-28,North Carolina,point,,5265
2020-11-22,1 wk ahead cum death,2020-11-28,North Dakota,point,,968
2020-11-22,1 wk ahead cum death,2020-11-28,Ohio,point,,6404
2020-11-22,1 wk ahead cum death,2020-11-28,Oklahoma,point,,1802
2020-11-22,1 wk ahead cum death,2020-11-28,Oregon,point,,905
2020-11-22,1 wk ahead cum death,2020-11-28,Pennsylvania,point,,10159
2020-11-22,1 wk ahead cum death,2020-11-28,Rhode Island,point,,1330
2020-11-22,1 wk ahead cum death,2020-11-28,South Carolina,point,,4411
2020-11-22,1 wk ahead cum death,2020-11-28,South Dakota,point,,902
2020-11-22,1 wk ahead cum death,2020-11-28,Tennessee,point,,4518
2020-11-22,1 wk ahead cum death,2020-11-28,Texas,point,,21872
2020-11-22,1 wk ahead cum death,2020-11-28,Utah,point,,896
2020-11-22,1 wk ahead cum death,2020-11-28,Vermont,point,,74
2020-11-22,1 wk ahead cum death,2020-11-28,Virginia,point,,4083
2020-11-22,1 wk ahead cum death,2020-11-28,Washington,point,,2755
2020-11-22,1 wk ahead cum death,2020-11-28,West Virginia,point,,756
2020-11-22,1 wk ahead cum death,2020-11-28,Wisconsin,point,,3504
2020-11-22,1 wk ahead cum death,2020-11-28,Wyoming,point,,233
2020-11-29,1 wk ahead cum death,2020-12-05,US,point,,279211
2020-11-29,1 wk ahead cum death,2020-12-05,Alabama,point,,3772
2020-11-29,1 wk ahead cum death,2020-12-05,Alaska,point,,163
2020-11-29,1 wk ahead cum death,2020-12-05,Arizona,point,,6931
2020-11-29,1 wk ahead cum death,2020-12-05,Arkansas,point,,2616
2020-11-29,1 wk ahead cum death,2020-12-05,California,point,,19777
2020-11-29,1 wk ahead cum death,2020-12-05,Colorado,point,,3316
2020-11-29,1 wk ahead cum death,2020-12-05,Connecticut,point,,5090
2020-11-29,1 wk ahead cum death,2020-12-05,Delaware,point,,789
2020-11-29,1 wk ahead cum death,2020-12-05,,point,,694
2020-11-29,1 wk ahead cum death,2020-12-05,Florida,point,,19066
2020-11-29,1 wk ahead cum death,2020-12-05,Georgia,point,,9698
2020-11-29,1 wk ahead cum death,2020-12-05,Hawaii,point,,249
2020-11-29,1 wk ahead cum death,2020-12-05,Idaho,point,,1018
2020-11-29,1 wk ahead cum death,2020-12-05,Illinois,point,,13833
2020-11-29,1 wk ahead cum death,2020-12-05,Indiana,point,,6108
2020-11-29,1 wk ahead cum death,2020-12-05,Iowa,point,,2670
2020-11-29,1 wk ahead cum death,2020-12-05,Kansas,point,,1747
2020-11-29,1 wk ahead cum death,2020-12-05,Kentucky,point,,2106
2020-11-29,1 wk ahead cum death,2020-12-05,Louisiana,point,,6671
2020-11-29,1 wk ahead cum death,2020-12-05,Maine,point,,221
2020-11-29,1 wk ahead cum death,2020-12-05,Maryland,point,,4776
2020-11-29,1 wk ahead cum death,2020-12-05,Massachusetts,point,,10893
2020-11-29,1 wk ahead cum death,2020-12-05,Michigan,point,,10119
2020-11-29,1 wk ahead cum death,2020-12-05,Minnesota,point,,4055
2020-11-29,1 wk ahead cum death,2020-12-05,Mississippi,point,,3915
2020-11-29,1 wk ahead cum death,2020-12-05,Missouri,point,,4148
2020-11-29,1 wk ahead cum death,2020-12-05,Montana,point,,776
2020-11-29,1 wk ahead cum death,2020-12-05,Nebraska,point,,1168
2020-11-29,1 wk ahead cum death,2020-12-05,Nevada,point,,2257
2020-11-29,1 wk ahead cum death,2020-12-05,New Hampshire,point,,552
2020-11-29,1 wk ahead cum death,2020-12-05,New Jersey,point,,17241
2020-11-29,1 wk ahead cum death,2020-12-05,New Mexico,point,,1702
2020-11-29,1 wk ahead cum death,2020-12-05,New York,point,,34894
2020-11-29,1 wk ahead cum death,2020-12-05,North Carolina,point,,5488
2020-11-29,1 wk ahead cum death,2020-12-05,North Dakota,point,,1039
2020-11-29,1 wk ahead cum death,2020-12-05,Ohio,point,,6884
2020-11-29,1 wk ahead cum death,2020-12-05,Oklahoma,point,,1919
2020-11-29,1 wk ahead cum death,2020-12-05,Oregon,point,,991
2020-11-29,1 wk ahead cum death,2020-12-05,Pennsylvania,point,,10819
2020-11-29,1 wk ahead cum death,2020-12-05,Rhode Island,point,,1388
2020-11-29,1 wk ahead cum death,2020-12-05,South Carolina,point,,4502
2020-11-29,1 wk ahead cum death,2020-12-05,South Dakota,point,,1069
2020-11-29,1 wk ahead cum death,2020-12-05,Tennessee,point,,4889
2020-11-29,1 wk ahead cum death,2020-12-05,Texas,point,,22819
2020-11-29,1 wk ahead cum death,2020-12-05,Utah,point,,970
2020-11-29,1 wk ahead cum death,2020-12-05,Vermont,point,,80
2020-11-29,1 wk ahead cum death,2020-12-05,Virginia,point,,4215
2020-11-29,1 wk ahead cum death,2020-12-05,Washington,point,,2849
2020-11-29,1 wk ahead cum death,2020-12-05,West Virginia,point,,845
2020-11-29,1 wk ahead cum death,2020-12-05,Wisconsin,point,,3903
2020-11-29,1 wk ahead cum death,2020-12-05,Wyoming,point,,277
2020-12-06,1 wk ahead cum death,2020-12-12,US,point,,295770
2020-12-06,1 wk ahead cum death,2020-12-12,Alabama,point,,4106
2020-12-06,1 wk ahead cum death,2020-12-12,Alaska,point,,185
2020-12-06,1 wk ahead cum death,2020-12-12,Arizona,point,,7240
2020-12-06,1 wk ahead cum death,2020-12-12,Arkansas,point,,2787
2020-12-06,1 wk ahead cum death,2020-12-12,California,point,,20686
2020-12-06,1 wk ahead cum death,2020-12-12,Colorado,point,,3712
2020-12-06,1 wk ahead cum death,2020-12-12,Connecticut,point,,5323
2020-12-06,1 wk ahead cum death,2020-12-12,Delaware,point,,816
2020-12-06,1 wk ahead cum death,2020-12-12,,point,,713
2020-12-06,1 wk ahead cum death,2020-12-12,Florida,point,,19796
2020-12-06,1 wk ahead cum death,2020-12-12,Georgia,point,,10091
2020-12-06,1 wk ahead cum death,2020-12-12,Hawaii,point,,278
2020-12-06,1 wk ahead cum death,2020-12-12,Idaho,point,,1134
2020-12-06,1 wk ahead cum death,2020-12-12,Illinois,point,,15037
2020-12-06,1 wk ahead cum death,2020-12-12,Indiana,point,,6691
2020-12-06,1 wk ahead cum death,2020-12-12,Iowa,point,,2931
2020-12-06,1 wk ahead cum death,2020-12-12,Kansas,point,,2004
2020-12-06,1 wk ahead cum death,2020-12-12,Kentucky,point,,2288
2020-12-06,1 wk ahead cum death,2020-12-12,Louisiana,point,,6806
2020-12-06,1 wk ahead cum death,2020-12-12,Maine,point,,262
2020-12-06,1 wk ahead cum death,2020-12-12,Maryland,point,,5039
2020-12-06,1 wk ahead cum death,2020-12-12,Massachusetts,point,,11208
2020-12-06,1 wk ahead cum death,2020-12-12,Michigan,point,,11061
2020-12-06,1 wk ahead cum death,2020-12-12,Minnesota,point,,4445
2020-12-06,1 wk ahead cum death,2020-12-12,Mississippi,point,,4100
2020-12-06,1 wk ahead cum death,2020-12-12,Missouri,point,,4617
2020-12-06,1 wk ahead cum death,2020-12-12,Montana,point,,828
2020-12-06,1 wk ahead cum death,2020-12-12,Nebraska,point,,1384
2020-12-06,1 wk ahead cum death,2020-12-12,Nevada,point,,2504
2020-12-06,1 wk ahead cum death,2020-12-12,New Hampshire,point,,591
2020-12-06,1 wk ahead cum death,2020-12-12,New Jersey,point,,17640
2020-12-06,1 wk ahead cum death,2020-12-12,New Mexico,point,,1950
2020-12-06,1 wk ahead cum death,2020-12-12,New York,point,,35367
2020-12-06,1 wk ahead cum death,2020-12-12,North Carolina,point,,5839
2020-12-06,1 wk ahead cum death,2020-12-12,North Dakota,point,,1110
2020-12-06,1 wk ahead cum death,2020-12-12,Ohio,point,,7573
2020-12-06,1 wk ahead cum death,2020-12-12,Oklahoma,point,,2093
2020-12-06,1 wk ahead cum death,2020-12-12,Oregon,point,,1158
2020-12-06,1 wk ahead cum death,2020-12-12,Pennsylvania,point,,11976
2020-12-06,1 wk ahead cum death,2020-12-12,Rhode Island,point,,1471
2020-12-06,1 wk ahead cum death,2020-12-12,South Carolina,point,,4672
2020-12-06,1 wk ahead cum death,2020-12-12,South Dakota,point,,1232
2020-12-06,1 wk ahead cum death,2020-12-12,Tennessee,point,,5266
2020-12-06,1 wk ahead cum death,2020-12-12,Texas,point,,24133
2020-12-06,1 wk ahead cum death,2020-12-12,Utah,point,,1057
2020-12-06,1 wk ahead cum death,2020-12-12,Vermont,point,,95
2020-12-06,1 wk ahead cum death,2020-12-12,Virginia,point,,4406
2020-12-06,1 wk ahead cum death,2020-12-12,Washington,point,,3116
2020-12-06,1 wk ahead cum death,2020-12-12,West Virginia,point,,948
2020-12-06,1 wk ahead cum death,2020-12-12,Wisconsin,point,,4352
2020-12-06,1 wk ahead cum death,2020-12-12,Wyoming,point,,320
2020-12-13,1 wk ahead cum death,2020-12-19,US,point,,315620
2020-12-13,1 wk ahead cum death,2020-12-19,Alabama,point,,4404
2020-12-13,1 wk ahead cum death,2020-12-19,Alaska,point,,224
2020-12-13,1 wk ahead cum death,2020-12-19,Arizona,point,,7745
2020-12-13,1 wk ahead cum death,2020-12-19,Arkansas,point,,3120
2020-12-13,1 wk ahead cum death,2020-12-19,California,point,,22152
2020-12-13,1 wk ahead cum death,2020-12-19,Colorado,point,,4309
2020-12-13,1 wk ahead cum death,2020-12-19,Connecticut,point,,5600
2020-12-13,1 wk ahead cum death,2020-12-19,Delaware,point,,853
2020-12-13,1 wk ahead cum death,2020-12-19,,point,,737
2020-12-13,1 wk ahead cum death,2020-12-19,Florida,point,,20579
2020-12-13,1 wk ahead cum death,2020-12-19,Georgia,point,,10467
2020-12-13,1 wk ahead cum death,2020-12-19,Hawaii,point,,300
2020-12-13,1 wk ahead cum death,2020-12-19,Idaho,point,,1296
2020-12-13,1 wk ahead cum death,2020-12-19,Illinois,point,,16395
2020-12-13,1 wk ahead cum death,2020-12-19,Indiana,point,,7339
2020-12-13,1 wk ahead cum death,2020-12-19,Iowa,point,,3489
2020-12-13,1 wk ahead cum death,2020-12-19,Kansas,point,,2323
2020-12-13,1 wk ahead cum death,2020-12-19,Kentucky,point,,2465
2020-12-13,1 wk ahead cum death,2020-12-19,Louisiana,point,,6990
2020-12-13,1 wk ahead cum death,2020-12-19,Maine,point,,307
2020-12-13,1 wk ahead cum death,2020-12-19,Maryland,point,,5376
2020-12-13,1 wk ahead cum death,2020-12-19,Massachusetts,point,,11669
2020-12-13,1 wk ahead cum death,2020-12-19,Michigan,point,,12062
2020-12-13,1 wk ahead cum death,2020-12-19,Minnesota,point,,4921
2020-12-13,1 wk ahead cum death,2020-12-19,Mississippi,point,,4378
2020-12-13,1 wk ahead cum death,2020-12-19,Missouri,point,,5013
2020-12-13,1 wk ahead cum death,2020-12-19,Montana,point,,908
2020-12-13,1 wk ahead cum death,2020-12-19,Nebraska,point,,1584
2020-12-13,1 wk ahead cum death,2020-12-19,Nevada,point,,2768
2020-12-13,1 wk ahead cum death,2020-12-19,New Hampshire,point,,653
2020-12-13,1 wk ahead cum death,2020-12-19,New Jersey,point,,18190
2020-12-13,1 wk ahead cum death,2020-12-19,New Mexico,point,,2130
2020-12-13,1 wk ahead cum death,2020-12-19,New York,point,,36073
2020-12-13,1 wk ahead cum death,2020-12-19,North Carolina,point,,6184
2020-12-13,1 wk ahead cum death,2020-12-19,North Dakota,point,,1237
2020-12-13,1 wk ahead cum death,2020-12-19,Ohio,point,,8247
2020-12-13,1 wk ahead cum death,2020-12-19,Oklahoma,point,,2289
2020-12-13,1 wk ahead cum death,2020-12-19,Oregon,point,,1338
2020-12-13,1 wk ahead cum death,2020-12-19,Pennsylvania,point,,13565
2020-12-13,1 wk ahead cum death,2020-12-19,Rhode Island,point,,1592
2020-12-13,1 wk ahead cum death,2020-12-19,South Carolina,point,,4879
2020-12-13,1 wk ahead cum death,2020-12-19,South Dakota,point,,1374
2020-12-13,1 wk ahead cum death,2020-12-19,Tennessee,point,,5809
2020-12-13,1 wk ahead cum death,2020-12-19,Texas,point,,25576
2020-12-13,1 wk ahead cum death,2020-12-19,Utah,point,,1176
2020-12-13,1 wk ahead cum death,2020-12-19,Vermont,point,,117
2020-12-13,1 wk ahead cum death,2020-12-19,Virginia,point,,4642
2020-12-13,1 wk ahead cum death,2020-12-19,Washington,point,,3111
2020-12-13,1 wk ahead cum death,2020-12-19,West Virginia,point,,1103
2020-12-13,1 wk ahead cum death,2020-12-19,Wisconsin,point,,4774
2020-12-13,1 wk ahead cum death,2020-12-19,Wyoming,point,,370
2020-12-20,1 wk ahead cum death,2020-12-26,US,point,,336653
2020-12-20,1 wk ahead cum death,2020-12-26,Alabama,point,,4723
2020-12-20,1 wk ahead cum death,2020-12-26,Alaska,point,,249
2020-12-20,1 wk ahead cum death,2020-12-26,Arizona,point,,8600
2020-12-20,1 wk ahead cum death,2020-12-26,Arkansas,point,,3448
2020-12-20,1 wk ahead cum death,2020-12-26,California,point,,24413
2020-12-20,1 wk ahead cum death,2020-12-26,Colorado,point,,4856
2020-12-20,1 wk ahead cum death,2020-12-26,Connecticut,point,,5864
2020-12-20,1 wk ahead cum death,2020-12-26,Delaware,point,,908
2020-12-20,1 wk ahead cum death,2020-12-26,,point,,758
2020-12-20,1 wk ahead cum death,2020-12-26,Florida,point,,21367
2020-12-20,1 wk ahead cum death,2020-12-26,Georgia,point,,10818
2020-12-20,1 wk ahead cum death,2020-12-26,Hawaii,point,,307
2020-12-20,1 wk ahead cum death,2020-12-26,Idaho,point,,1419
2020-12-20,1 wk ahead cum death,2020-12-26,Illinois,point,,17443
2020-12-20,1 wk ahead cum death,2020-12-26,Indiana,point,,7967
2020-12-20,1 wk ahead cum death,2020-12-26,Iowa,point,,3863
2020-12-20,1 wk ahead cum death,2020-12-26,Kansas,point,,2610
2020-12-20,1 wk ahead cum death,2020-12-26,Kentucky,point,,2655
2020-12-20,1 wk ahead cum death,2020-12-26,Louisiana,point,,7243
2020-12-20,1 wk ahead cum death,2020-12-26,Maine,point,,352
2020-12-20,1 wk ahead cum death,2020-12-26,Maryland,point,,5747
2020-12-20,1 wk ahead cum death,2020-12-26,Massachusetts,point,,12103
2020-12-20,1 wk ahead cum death,2020-12-26,Michigan,point,,12945
2020-12-20,1 wk ahead cum death,2020-12-26,Minnesota,point,,5327
2020-12-20,1 wk ahead cum death,2020-12-26,Mississippi,point,,4626
2020-12-20,1 wk ahead cum death,2020-12-26,Missouri,point,,5462
2020-12-20,1 wk ahead cum death,2020-12-26,Montana,point,,960
2020-12-20,1 wk ahead cum death,2020-12-26,Nebraska,point,,1687
2020-12-20,1 wk ahead cum death,2020-12-26,Nevada,point,,3024
2020-12-20,1 wk ahead cum death,2020-12-26,New Hampshire,point,,719
2020-12-20,1 wk ahead cum death,2020-12-26,New Jersey,point,,18736
2020-12-20,1 wk ahead cum death,2020-12-26,New Mexico,point,,2347
2020-12-20,1 wk ahead cum death,2020-12-26,New York,point,,37206
2020-12-20,1 wk ahead cum death,2020-12-26,North Carolina,point,,6635
2020-12-20,1 wk ahead cum death,2020-12-26,North Dakota,point,,1336
2020-12-20,1 wk ahead cum death,2020-12-26,Ohio,point,,8877
2020-12-20,1 wk ahead cum death,2020-12-26,Oklahoma,point,,2448
2020-12-20,1 wk ahead cum death,2020-12-26,Oregon,point,,1535
2020-12-20,1 wk ahead cum death,2020-12-26,Pennsylvania,point,,15195
2020-12-20,1 wk ahead cum death,2020-12-26,Rhode Island,point,,1727
2020-12-20,1 wk ahead cum death,2020-12-26,South Carolina,point,,5132
2020-12-20,1 wk ahead cum death,2020-12-26,South Dakota,point,,1474
2020-12-20,1 wk ahead cum death,2020-12-26,Tennessee,point,,6482
2020-12-20,1 wk ahead cum death,2020-12-26,Texas,point,,27073
2020-12-20,1 wk ahead cum death,2020-12-26,Utah,point,,1288
2020-12-20,1 wk ahead cum death,2020-12-26,Vermont,point,,135
2020-12-20,1 wk ahead cum death,2020-12-26,Virginia,point,,4935
2020-12-20,1 wk ahead cum death,2020-12-26,Washington,point,,3298
2020-12-20,1 wk ahead cum death,2020-12-26,West Virginia,point,,1271
2020-12-20,1 wk ahead cum death,2020-12-26,Wisconsin,point,,5143
2020-12-20,1 wk ahead cum death,2020-12-26,Wyoming,point,,402
2020-12-27,1 wk ahead cum death,2021-01-02,US,point,,349084
2020-12-27,1 wk ahead cum death,2021-01-02,Alabama,point,,5030
2020-12-27,1 wk ahead cum death,2021-01-02,Alaska,point,,227
2020-12-27,1 wk ahead cum death,2021-01-02,Arizona,point,,9032
2020-12-27,1 wk ahead cum death,2021-01-02,Arkansas,point,,3685
2020-12-27,1 wk ahead cum death,2021-01-02,California,point,,26156
2020-12-27,1 wk ahead cum death,2021-01-02,Colorado,point,,4899
2020-12-27,1 wk ahead cum death,2021-01-02,Connecticut,point,,6041
2020-12-27,1 wk ahead cum death,2021-01-02,Delaware,point,,949
2020-12-27,1 wk ahead cum death,2021-01-02,,point,,786
2020-12-27,1 wk ahead cum death,2021-01-02,Florida,point,,21846
2020-12-27,1 wk ahead cum death,2021-01-02,Georgia,point,,11042
2020-12-27,1 wk ahead cum death,2021-01-02,Hawaii,point,,294
2020-12-27,1 wk ahead cum death,2021-01-02,Idaho,point,,1455
2020-12-27,1 wk ahead cum death,2021-01-02,Illinois,point,,18075
2020-12-27,1 wk ahead cum death,2021-01-02,Indiana,point,,8286
2020-12-27,1 wk ahead cum death,2021-01-02,Iowa,point,,3971
2020-12-27,1 wk ahead cum death,2021-01-02,Kansas,point,,2793
2020-12-27,1 wk ahead cum death,2021-01-02,Kentucky,point,,2749
2020-12-27,1 wk ahead cum death,2021-01-02,Louisiana,point,,7485
2020-12-27,1 wk ahead cum death,2021-01-02,Maine,point,,371
2020-12-27,1 wk ahead cum death,2021-01-02,Maryland,point,,5970
2020-12-27,1 wk ahead cum death,2021-01-02,Massachusetts,point,,12405
2020-12-27,1 wk ahead cum death,2021-01-02,Michigan,point,,13237
2020-12-27,1 wk ahead cum death,2021-01-02,Minnesota,point,,5471
2020-12-27,1 wk ahead cum death,2021-01-02,Mississippi,point,,4772
2020-12-27,1 wk ahead cum death,2021-01-02,Missouri,point,,5803
2020-12-27,1 wk ahead cum death,2021-01-02,Montana,point,,964
2020-12-27,1 wk ahead cum death,2021-01-02,Nebraska,point,,1679
2020-12-27,1 wk ahead cum death,2021-01-02,Nevada,point,,3134
2020-12-27,1 wk ahead cum death,2021-01-02,New Hampshire,point,,757
2020-12-27,1 wk ahead cum death,2021-01-02,New Jersey,point,,19063
2020-12-27,1 wk ahead cum death,2021-01-02,New Mexico,point,,2476
2020-12-27,1 wk ahead cum death,2021-01-02,New York,point,,38279
2020-12-27,1 wk ahead cum death,2021-01-02,North Carolina,point,,6932
2020-12-27,1 wk ahead cum death,2021-01-02,North Dakota,point,,1308
2020-12-27,1 wk ahead cum death,2021-01-02,Ohio,point,,9061
2020-12-27,1 wk ahead cum death,2021-01-02,Oklahoma,point,,2559
2020-12-27,1 wk ahead cum death,2021-01-02,Oregon,point,,1550
2020-12-27,1 wk ahead cum death,2021-01-02,Pennsylvania,point,,16173
2020-12-27,1 wk ahead cum death,2021-01-02,Rhode Island,point,,1813
2020-12-27,1 wk ahead cum death,2021-01-02,South Carolina,point,,5353
2020-12-27,1 wk ahead cum death,2021-01-02,South Dakota,point,,1507
2020-12-27,1 wk ahead cum death,2021-01-02,Tennessee,point,,7006
2020-12-27,1 wk ahead cum death,2021-01-02,Texas,point,,28108
2020-12-27,1 wk ahead cum death,2021-01-02,Utah,point,,1294
2020-12-27,1 wk ahead cum death,2021-01-02,Vermont,point,,135
2020-12-27,1 wk ahead cum death,2021-01-02,Virginia,point,,5073
2020-12-27,1 wk ahead cum death,2021-01-02,Washington,point,,3303
2020-12-27,1 wk ahead cum death,2021-01-02,West Virginia,point,,1383
2020-12-27,1 wk ahead cum death,2021-01-02,Wisconsin,point,,5355
2020-12-27,1 wk ahead cum death,2021-01-02,Wyoming,point,,399
2021-01-03,1 wk ahead cum death,2021-01-09,US,point,,367269
2021-01-03,1 wk ahead cum death,2021-01-09,Alabama,point,,5160
2021-01-03,1 wk ahead cum death,2021-01-09,Alaska,point,,263
2021-01-03,1 wk ahead cum death,2021-01-09,Arizona,point,,9626
2021-01-03,1 wk ahead cum death,2021-01-09,Arkansas,point,,3927
2021-01-03,1 wk ahead cum death,2021-01-09,California,point,,29019
2021-01-03,1 wk ahead cum death,2021-01-09,Colorado,point,,5173
2021-01-03,1 wk ahead cum death,2021-01-09,Connecticut,point,,6334
2021-01-03,1 wk ahead cum death,2021-01-09,Delaware,point,,979
2021-01-03,1 wk ahead cum death,2021-01-09,,point,,824
2021-01-03,1 wk ahead cum death,2021-01-09,Florida,point,,22640
2021-01-03,1 wk ahead cum death,2021-01-09,Georgia,point,,11407
2021-01-03,1 wk ahead cum death,2021-01-09,Hawaii,point,,313
2021-01-03,1 wk ahead cum death,2021-01-09,Idaho,point,,1542
2021-01-03,1 wk ahead cum death,2021-01-09,Illinois,point,,18952
2021-01-03,1 wk ahead cum death,2021-01-09,Indiana,point,,8846
2021-01-03,1 wk ahead cum death,2021-01-09,Iowa,point,,4119
2021-01-03,1 wk ahead cum death,2021-01-09,Kansas,point,,3084
2021-01-03,1 wk ahead cum death,2021-01-09,Kentucky,point,,2921
2021-01-03,1 wk ahead cum death,2021-01-09,Louisiana,point,,7716
2021-01-03,1 wk ahead cum death,2021-01-09,Maine,point,,421
2021-01-03,1 wk ahead cum death,2021-01-09,Maryland,point,,6263
2021-01-03,1 wk ahead cum death,2021-01-09,Massachusetts,point,,12916
2021-01-03,1 wk ahead cum death,2021-01-09,Michigan,point,,13765
2021-01-03,1 wk ahead cum death,2021-01-09,Minnesota,point,,5696
2021-01-03,1 wk ahead cum death,2021-01-09,Mississippi,point,,5017
2021-01-03,1 wk ahead cum death,2021-01-09,Missouri,point,,6033
2021-01-03,1 wk ahead cum death,2021-01-09,Montana,point,,1045
2021-01-03,1 wk ahead cum death,2021-01-09,Nebraska,point,,1798
2021-01-03,1 wk ahead cum death,2021-01-09,Nevada,point,,3328
2021-01-03,1 wk ahead cum death,2021-01-09,New Hampshire,point,,828
2021-01-03,1 wk ahead cum death,2021-01-09,New Jersey,point,,19635
2021-01-03,1 wk ahead cum death,2021-01-09,New Mexico,point,,2685
2021-01-03,1 wk ahead cum death,2021-01-09,New York,point,,39290
2021-01-03,1 wk ahead cum death,2021-01-09,North Carolina,point,,7335
2021-01-03,1 wk ahead cum death,2021-01-09,North Dakota,point,,1369
2021-01-03,1 wk ahead cum death,2021-01-09,Ohio,point,,9572
2021-01-03,1 wk ahead cum death,2021-01-09,Oklahoma,point,,2750
2021-01-03,1 wk ahead cum death,2021-01-09,Oregon,point,,1604
2021-01-03,1 wk ahead cum death,2021-01-09,Pennsylvania,point,,17251
2021-01-03,1 wk ahead cum death,2021-01-09,Rhode Island,point,,1878
2021-01-03,1 wk ahead cum death,2021-01-09,South Carolina,point,,5605
2021-01-03,1 wk ahead cum death,2021-01-09,South Dakota,point,,1582
2021-01-03,1 wk ahead cum death,2021-01-09,Tennessee,point,,7481
2021-01-03,1 wk ahead cum death,2021-01-09,Texas,point,,29448
2021-01-03,1 wk ahead cum death,2021-01-09,Utah,point,,1411
2021-01-03,1 wk ahead cum death,2021-01-09,Vermont,point,,171
2021-01-03,1 wk ahead cum death,2021-01-09,Virginia,point,,5416
2021-01-03,1 wk ahead cum death,2021-01-09,Washington,point,,3627
2021-01-03,1 wk ahead cum death,2021-01-09,West Virginia,point,,1501
2021-01-03,1 wk ahead cum death,2021-01-09,Wisconsin,point,,5536
2021-01-03,1 wk ahead cum death,2021-01-09,Wyoming,point,,469
2021-01-10,1 wk ahead cum death,2021-01-16,US,point,,393506
2021-01-10,1 wk ahead cum death,2021-01-16,Alabama,point,,5650
2021-01-10,1 wk ahead cum death,2021-01-16,Alaska,point,,262
2021-01-10,1 wk ahead cum death,2021-01-16,Arizona,point,,10863
2021-01-10,1 wk ahead cum death,2021-01-16,Arkansas,point,,4282
2021-01-10,1 wk ahead cum death,2021-01-16,California,point,,32621
2021-01-10,1 wk ahead cum death,2021-01-16,Colorado,point,,5477
2021-01-10,1 wk ahead cum death,2021-01-16,Connecticut,point,,6616
2021-01-10,1 wk ahead cum death,2021-01-16,Delaware,point,,1022
2021-01-10,1 wk ahead cum death,2021-01-16,,point,,846
2021-01-10,1 wk ahead cum death,2021-01-16,Florida,point,,23801
2021-01-10,1 wk ahead cum death,2021-01-16,Georgia,point,,11965
2021-01-10,1 wk ahead cum death,2021-01-16,Hawaii,point,,328
2021-01-10,1 wk ahead cum death,2021-01-16,Idaho,point,,1626
2021-01-10,1 wk ahead cum death,2021-01-16,Illinois,point,,20120
2021-01-10,1 wk ahead cum death,2021-01-16,Indiana,point,,9488
2021-01-10,1 wk ahead cum death,2021-01-16,Iowa,point,,4305
2021-01-10,1 wk ahead cum death,2021-01-16,Kansas,point,,3446
2021-01-10,1 wk ahead cum death,2021-01-16,Kentucky,point,,3133
2021-01-10,1 wk ahead cum death,2021-01-16,Louisiana,point,,8131
2021-01-10,1 wk ahead cum death,2021-01-16,Maine,point,,505
2021-01-10,1 wk ahead cum death,2021-01-16,Maryland,point,,6564
2021-01-10,1 wk ahead cum death,2021-01-16,Massachusetts,point,,13605
2021-01-10,1 wk ahead cum death,2021-01-16,Michigan,point,,14733
2021-01-10,1 wk ahead cum death,2021-01-16,Minnesota,point,,5985
2021-01-10,1 wk ahead cum death,2021-01-16,Mississippi,point,,5413
2021-01-10,1 wk ahead cum death,2021-01-16,Missouri,point,,6488
2021-01-10,1 wk ahead cum death,2021-01-16,Montana,point,,1120
2021-01-10,1 wk ahead cum death,2021-01-16,Nebraska,point,,1873
2021-01-10,1 wk ahead cum death,2021-01-16,Nevada,point,,3702
2021-01-10,1 wk ahead cum death,2021-01-16,New Hampshire,point,,943
2021-01-10,1 wk ahead cum death,2021-01-16,New Jersey,point,,20458
2021-01-10,1 wk ahead cum death,2021-01-16,New Mexico,point,,2924
2021-01-10,1 wk ahead cum death,2021-01-16,New York,point,,40734
2021-01-10,1 wk ahead cum death,2021-01-16,North Carolina,point,,7972
2021-01-10,1 wk ahead cum death,2021-01-16,North Dakota,point,,1401
2021-01-10,1 wk ahead cum death,2021-01-16,Ohio,point,,10188
2021-01-10,1 wk ahead cum death,2021-01-16,Oklahoma,point,,2987
2021-01-10,1 wk ahead cum death,2021-01-16,Oregon,point,,1721
2021-01-10,1 wk ahead cum death,2021-01-16,Pennsylvania,point,,18931
2021-01-10,1 wk ahead cum death,2021-01-16,Rhode Island,point,,2035
2021-01-10,1 wk ahead cum death,2021-01-16,South Carolina,point,,6069
2021-01-10,1 wk ahead cum death,2021-01-16,South Dakota,point,,1643
2021-01-10,1 wk ahead cum death,2021-01-16,Tennessee,point,,8300
2021-01-10,1 wk ahead cum death,2021-01-16,Texas,point,,31941
2021-01-10,1 wk ahead cum death,2021-01-16,Utah,point,,1498
2021-01-10,1 wk ahead cum death,2021-01-16,Vermont,point,,187
2021-01-10,1 wk ahead cum death,2021-01-16,Virginia,point,,5758
2021-01-10,1 wk ahead cum death,2021-01-16,Washington,point,,3973
2021-01-10,1 wk ahead cum death,2021-01-16,West Virginia,point,,1733
2021-01-10,1 wk ahead cum death,2021-01-16,Wisconsin,point,,5836
2021-01-10,1 wk ahead cum death,2021-01-16,Wyoming,point,,523
2021-01-17,1 wk ahead cum death,2021-01-23,US,point,,420844
2021-01-17,1 wk ahead cum death,2021-01-23,Alabama,point,,6681
2021-01-17,1 wk ahead cum death,2021-01-23,Alaska,point,,270
2021-01-17,1 wk ahead cum death,2021-01-23,Arizona,point,,12536
2021-01-17,1 wk ahead cum death,2021-01-23,Arkansas,point,,4598
2021-01-17,1 wk ahead cum death,2021-01-23,California,point,,37250
2021-01-17,1 wk ahead cum death,2021-01-23,Colorado,point,,5640
2021-01-17,1 wk ahead cum death,2021-01-23,Connecticut,point,,6905
2021-01-17,1 wk ahead cum death,2021-01-23,Delaware,point,,1073
2021-01-17,1 wk ahead cum death,2021-01-23,,point,,878
2021-01-17,1 wk ahead cum death,2021-01-23,Florida,point,,25278
2021-01-17,1 wk ahead cum death,2021-01-23,Georgia,point,,12981
2021-01-17,1 wk ahead cum death,2021-01-23,Hawaii,point,,343
2021-01-17,1 wk ahead cum death,2021-01-23,Idaho,point,,1700
2021-01-17,1 wk ahead cum death,2021-01-23,Illinois,point,,20911
2021-01-17,1 wk ahead cum death,2021-01-23,Indiana,point,,9827
2021-01-17,1 wk ahead cum death,2021-01-23,Iowa,point,,4501
2021-01-17,1 wk ahead cum death,2021-01-23,Kansas,point,,3783
2021-01-17,1 wk ahead cum death,2021-01-23,Kentucky,point,,3391
2021-01-17,1 wk ahead cum death,2021-01-23,Louisiana,point,,8450
2021-01-17,1 wk ahead cum death,2021-01-23,Maine,point,,589
2021-01-17,1 wk ahead cum death,2021-01-23,Maryland,point,,6868
2021-01-17,1 wk ahead cum death,2021-01-23,Massachusetts,point,,14193
2021-01-17,1 wk ahead cum death,2021-01-23,Michigan,point,,15307
2021-01-17,1 wk ahead cum death,2021-01-23,Minnesota,point,,6202
2021-01-17,1 wk ahead cum death,2021-01-23,Mississippi,point,,5828
2021-01-17,1 wk ahead cum death,2021-01-23,Missouri,point,,6805
2021-01-17,1 wk ahead cum death,2021-01-23,Montana,point,,1167
2021-01-17,1 wk ahead cum death,2021-01-23,Nebraska,point,,1964
2021-01-17,1 wk ahead cum death,2021-01-23,Nevada,point,,4089
2021-01-17,1 wk ahead cum death,2021-01-23,New Hampshire,point,,1025
2021-01-17,1 wk ahead cum death,2021-01-23,New Jersey,point,,21094
2021-01-17,1 wk ahead cum death,2021-01-23,New Mexico,point,,3113
2021-01-17,1 wk ahead cum death,2021-01-23,New York,point,,42321
2021-01-17,1 wk ahead cum death,2021-01-23,North Carolina,point,,8689
2021-01-17,1 wk ahead cum death,2021-01-23,North Dakota,point,,1447
2021-01-17,1 wk ahead cum death,2021-01-23,Ohio,point,,10836
2021-01-17,1 wk ahead cum death,2021-01-23,Oklahoma,point,,3234
2021-01-17,1 wk ahead cum death,2021-01-23,Oregon,point,,1934
2021-01-17,1 wk ahead cum death,2021-01-23,Pennsylvania,point,,20530
2021-01-17,1 wk ahead cum death,2021-01-23,Rhode Island,point,,2116
2021-01-17,1 wk ahead cum death,2021-01-23,South Carolina,point,,6523
2021-01-17,1 wk ahead cum death,2021-01-23,South Dakota,point,,1698
2021-01-17,1 wk ahead cum death,2021-01-23,Tennessee,point,,8996
2021-01-17,1 wk ahead cum death,2021-01-23,Texas,point,,34555
2021-01-17,1 wk ahead cum death,2021-01-23,Utah,point,,1620
2021-01-17,1 wk ahead cum death,2021-01-23,Vermont,point,,194
2021-01-17,1 wk ahead cum death,2021-01-23,Virginia,point,,6098
2021-01-17,1 wk ahead cum death,2021-01-23,Washington,point,,4252
2021-01-17,1 wk ahead cum death,2021-01-23,West Virginia,point,,1952
2021-01-17,1 wk ahead cum death,2021-01-23,Wisconsin,point,,6186
2021-01-17,1 wk ahead cum death,2021-01-23,Wyoming,point,,562
2021-01-24,1 wk ahead cum death,2021-01-30,US,point,,441747
2021-01-24,1 wk ahead cum death,2021-01-30,Alabama,point,,7329
2021-01-24,1 wk ahead cum death,2021-01-30,Alaska,point,,291
2021-01-24,1 wk ahead cum death,2021-01-30,Arizona,point,,13305
2021-01-24,1 wk ahead cum death,2021-01-30,Arkansas,point,,4844
2021-01-24,1 wk ahead cum death,2021-01-30,California,point,,40707
2021-01-24,1 wk ahead cum death,2021-01-30,Colorado,point,,5684
2021-01-24,1 wk ahead cum death,2021-01-30,Connecticut,point,,7063
2021-01-24,1 wk ahead cum death,2021-01-30,Delaware,point,,1093
2021-01-24,1 wk ahead cum death,2021-01-30,,point,,896
2021-01-24,1 wk ahead cum death,2021-01-30,Florida,point,,26508
2021-01-24,1 wk ahead cum death,2021-01-30,Georgia,point,,14095
2021-01-24,1 wk ahead cum death,2021-01-30,Hawaii,point,,361
2021-01-24,1 wk ahead cum death,2021-01-30,Idaho,point,,1742
2021-01-24,1 wk ahead cum death,2021-01-30,Illinois,point,,21384
2021-01-24,1 wk ahead cum death,2021-01-30,Indiana,point,,10129
2021-01-24,1 wk ahead cum death,2021-01-30,Iowa,point,,4647
2021-01-24,1 wk ahead cum death,2021-01-30,Kansas,point,,3847
2021-01-24,1 wk ahead cum death,2021-01-30,Kentucky,point,,3678
2021-01-24,1 wk ahead cum death,2021-01-30,Louisiana,point,,8865
2021-01-24,1 wk ahead cum death,2021-01-30,Maine,point,,630
2021-01-24,1 wk ahead cum death,2021-01-30,Maryland,point,,7137
2021-01-24,1 wk ahead cum death,2021-01-30,Massachusetts,point,,14634
2021-01-24,1 wk ahead cum death,2021-01-30,Michigan,point,,15703
2021-01-24,1 wk ahead cum death,2021-01-30,Minnesota,point,,6345
2021-01-24,1 wk ahead cum death,2021-01-30,Mississippi,point,,6079
2021-01-24,1 wk ahead cum death,2021-01-30,Missouri,point,,7084
2021-01-24,1 wk ahead cum death,2021-01-30,Montana,point,,1200
2021-01-24,1 wk ahead cum death,2021-01-30,Nebraska,point,,1972
2021-01-24,1 wk ahead cum death,2021-01-30,Nevada,point,,4327
2021-01-24,1 wk ahead cum death,2021-01-30,New Hampshire,point,,1070
2021-01-24,1 wk ahead cum death,2021-01-30,New Jersey,point,,21536
2021-01-24,1 wk ahead cum death,2021-01-30,New Mexico,point,,3290
2021-01-24,1 wk ahead cum death,2021-01-30,New York,point,,43697
2021-01-24,1 wk ahead cum death,2021-01-30,North Carolina,point,,9315
2021-01-24,1 wk ahead cum death,2021-01-30,North Dakota,point,,1463
2021-01-24,1 wk ahead cum death,2021-01-30,Ohio,point,,11343
2021-01-24,1 wk ahead cum death,2021-01-30,Oklahoma,point,,3527
2021-01-24,1 wk ahead cum death,2021-01-30,Oregon,point,,2019
2021-01-24,1 wk ahead cum death,2021-01-30,Pennsylvania,point,,21762
2021-01-24,1 wk ahead cum death,2021-01-30,Rhode Island,point,,2186
2021-01-24,1 wk ahead cum death,2021-01-30,South Carolina,point,,6940
2021-01-24,1 wk ahead cum death,2021-01-30,South Dakota,point,,1746
2021-01-24,1 wk ahead cum death,2021-01-30,Tennessee,point,,9400
2021-01-24,1 wk ahead cum death,2021-01-30,Texas,point,,37064
2021-01-24,1 wk ahead cum death,2021-01-30,Utah,point,,1698
2021-01-24,1 wk ahead cum death,2021-01-30,Vermont,point,,199
2021-01-24,1 wk ahead cum death,2021-01-30,Virginia,point,,6463
2021-01-24,1 wk ahead cum death,2021-01-30,Washington,point,,4390
2021-01-24,1 wk ahead cum death,2021-01-30,West Virginia,point,,2041
2021-01-24,1 wk ahead cum death,2021-01-30,Wisconsin,point,,6486
2021-01-24,1 wk ahead cum death,2021-01-30,Wyoming,point,,602
2021-01-31,1 wk ahead cum death,2021-02-06,US,point,,461391
2021-01-31,1 wk ahead cum death,2021-02-06,Alabama,point,,8296
2021-01-31,1 wk ahead cum death,2021-02-06,Alaska,point,,294
2021-01-31,1 wk ahead cum death,2021-02-06,Arizona,point,,14136
2021-01-31,1 wk ahead cum death,2021-02-06,Arkansas,point,,5096
2021-01-31,1 wk ahead cum death,2021-02-06,California,point,,44390
2021-01-31,1 wk ahead cum death,2021-02-06,Colorado,point,,5758
2021-01-31,1 wk ahead cum death,2021-02-06,Connecticut,point,,7267
2021-01-31,1 wk ahead cum death,2021-02-06,Delaware,point,,1126
2021-01-31,1 wk ahead cum death,2021-02-06,,point,,934
2021-01-31,1 wk ahead cum death,2021-02-06,Florida,point,,27575
2021-01-31,1 wk ahead cum death,2021-02-06,Georgia,point,,15110
2021-01-31,1 wk ahead cum death,2021-02-06,Hawaii,point,,442
2021-01-31,1 wk ahead cum death,2021-02-06,Idaho,point,,1792
2021-01-31,1 wk ahead cum death,2021-02-06,Illinois,point,,21785
2021-01-31,1 wk ahead cum death,2021-02-06,Indiana,point,,10304
2021-01-31,1 wk ahead cum death,2021-02-06,Iowa,point,,4783
2021-01-31,1 wk ahead cum death,2021-02-06,Kansas,point,,3973
2021-01-31,1 wk ahead cum death,2021-02-06,Kentucky,point,,4002
2021-01-31,1 wk ahead cum death,2021-02-06,Louisiana,point,,9169
2021-01-31,1 wk ahead cum death,2021-02-06,Maine,point,,662
2021-01-31,1 wk ahead cum death,2021-02-06,Maryland,point,,7399
2021-01-31,1 wk ahead cum death,2021-02-06,Massachusetts,point,,14972
2021-01-31,1 wk ahead cum death,2021-02-06,Michigan,point,,15917
2021-01-31,1 wk ahead cum death,2021-02-06,Minnesota,point,,6400
2021-01-31,1 wk ahead cum death,2021-02-06,Mississippi,point,,6315
2021-01-31,1 wk ahead cum death,2021-02-06,Missouri,point,,7296
2021-01-31,1 wk ahead cum death,2021-02-06,Montana,point,,1275
2021-01-31,1 wk ahead cum death,2021-02-06,Nebraska,point,,1999
2021-01-31,1 wk ahead cum death,2021-02-06,Nevada,point,,4516
2021-01-31,1 wk ahead cum death,2021-02-06,New Hampshire,point,,1114
2021-01-31,1 wk ahead cum death,2021-02-06,New Jersey,point,,21998
2021-01-31,1 wk ahead cum death,2021-02-06,New Mexico,point,,3423
2021-01-31,1 wk ahead cum death,2021-02-06,New York,point,,44850
2021-01-31,1 wk ahead cum death,2021-02-06,North Carolina,point,,9807
2021-01-31,1 wk ahead cum death,2021-02-06,North Dakota,point,,1467
2021-01-31,1 wk ahead cum death,2021-02-06,Ohio,point,,11679
2021-01-31,1 wk ahead cum death,2021-02-06,Oklahoma,point,,3778
2021-01-31,1 wk ahead cum death,2021-02-06,Oregon,point,,2071
2021-01-31,1 wk ahead cum death,2021-02-06,Pennsylvania,point,,22677
2021-01-31,1 wk ahead cum death,2021-02-06,Rhode Island,point,,2231
2021-01-31,1 wk ahead cum death,2021-02-06,South Carolina,point,,7460
2021-01-31,1 wk ahead cum death,2021-02-06,South Dakota,point,,1819
2021-01-31,1 wk ahead cum death,2021-02-06,Tennessee,point,,10033
2021-01-31,1 wk ahead cum death,2021-02-06,Texas,point,,39280
2021-01-31,1 wk ahead cum death,2021-02-06,Utah,point,,1773
2021-01-31,1 wk ahead cum death,2021-02-06,Vermont,point,,198
2021-01-31,1 wk ahead cum death,2021-02-06,Virginia,point,,6848
2021-01-31,1 wk ahead cum death,2021-02-06,Washington,point,,4489
2021-01-31,1 wk ahead cum death,2021-02-06,West Virginia,point,,2141
2021-01-31,1 wk ahead cum death,2021-02-06,Wisconsin,point,,6662
2021-01-31,1 wk ahead cum death,2021-02-06,Wyoming,point,,624
2021-02-07,1 wk ahead cum death,2021-02-13,US,point,,482627
2021-02-07,1 wk ahead cum death,2021-02-13,Alabama,point,,9401
2021-02-07,1 wk ahead cum death,2021-02-13,Alaska,point,,303
2021-02-07,1 wk ahead cum death,2021-02-13,Arizona,point,,14889
2021-02-07,1 wk ahead cum death,2021-02-13,Arkansas,point,,5318
2021-02-07,1 wk ahead cum death,2021-02-13,California,point,,47279
2021-02-07,1 wk ahead cum death,2021-02-13,Colorado,point,,5838
2021-02-07,1 wk ahead cum death,2021-02-13,Connecticut,point,,7398
2021-02-07,1 wk ahead cum death,2021-02-13,Delaware,point,,1249
2021-02-07,1 wk ahead cum death,2021-02-13,,point,,978
2021-02-07,1 wk ahead cum death,2021-02-13,Florida,point,,28772
2021-02-07,1 wk ahead cum death,2021-02-13,Georgia,point,,15994
2021-02-07,1 wk ahead cum death,2021-02-13,Hawaii,point,,462
2021-02-07,1 wk ahead cum death,2021-02-13,Idaho,point,,1840
2021-02-07,1 wk ahead cum death,2021-02-13,Illinois,point,,22165
2021-02-07,1 wk ahead cum death,2021-02-13,Indiana,point,,12166
2021-02-07,1 wk ahead cum death,2021-02-13,Iowa,point,,5293
2021-02-07,1 wk ahead cum death,2021-02-13,Kansas,point,,4225
2021-02-07,1 wk ahead cum death,2021-02-13,Kentucky,point,,4349
2021-02-07,1 wk ahead cum death,2021-02-13,Louisiana,point,,9422
2021-02-07,1 wk ahead cum death,2021-02-13,Maine,point,,690
2021-02-07,1 wk ahead cum death,2021-02-13,Maryland,point,,7563
2021-02-07,1 wk ahead cum death,2021-02-13,Massachusetts,point,,15293
2021-02-07,1 wk ahead cum death,2021-02-13,Michigan,point,,16187
2021-02-07,1 wk ahead cum death,2021-02-13,Minnesota,point,,6464
2021-02-07,1 wk ahead cum death,2021-02-13,Mississippi,point,,6544
2021-02-07,1 wk ahead cum death,2021-02-13,Missouri,point,,7675
2021-02-07,1 wk ahead cum death,2021-02-13,Montana,point,,1363
2021-02-07,1 wk ahead cum death,2021-02-13,Nebraska,point,,2039
2021-02-07,1 wk ahead cum death,2021-02-13,Nevada,point,,4722
2021-02-07,1 wk ahead cum death,2021-02-13,New Hampshire,point,,1161
2021-02-07,1 wk ahead cum death,2021-02-13,New Jersey,point,,22444
2021-02-07,1 wk ahead cum death,2021-02-13,New Mexico,point,,3526
2021-02-07,1 wk ahead cum death,2021-02-13,New York,point,,45910
2021-02-07,1 wk ahead cum death,2021-02-13,North Carolina,point,,10522
2021-02-07,1 wk ahead cum death,2021-02-13,North Dakota,point,,1472
2021-02-07,1 wk ahead cum death,2021-02-13,Ohio,point,,12125
2021-02-07,1 wk ahead cum death,2021-02-13,Oklahoma,point,,4029
2021-02-07,1 wk ahead cum death,2021-02-13,Oregon,point,,2104
2021-02-07,1 wk ahead cum death,2021-02-13,Pennsylvania,point,,23218
2021-02-07,1 wk ahead cum death,2021-02-13,Rhode Island,point,,2278
2021-02-07,1 wk ahead cum death,2021-02-13,South Carolina,point,,8127
2021-02-07,1 wk ahead cum death,2021-02-13,South Dakota,point,,1845
2021-02-07,1 wk ahead cum death,2021-02-13,Tennessee,point,,10988
2021-02-07,1 wk ahead cum death,2021-02-13,Texas,point,,41437
2021-02-07,1 wk ahead cum death,2021-02-13,Utah,point,,1827
2021-02-07,1 wk ahead cum death,2021-02-13,Vermont,point,,203
2021-02-07,1 wk ahead cum death,2021-02-13,Virginia,point,,7160
2021-02-07,1 wk ahead cum death,2021-02-13,Washington,point,,4626
2021-02-07,1 wk ahead cum death,2021-02-13,West Virginia,point,,2218
2021-02-07,1 wk ahead cum death,2021-02-13,Wisconsin,point,,6829
2021-02-07,1 wk ahead cum death,2021-02-13,Wyoming,point,,655
2021-02-14,1 wk ahead cum death,2021-02-20,US,point,,503251
2021-02-14,1 wk ahead cum death,2021-02-20,Alabama,point,,10009
2021-02-14,1 wk ahead cum death,2021-02-20,Alaska,point,,308
2021-02-14,1 wk ahead cum death,2021-02-20,Arizona,point,,15742
2021-02-14,1 wk ahead cum death,2021-02-20,Arkansas,point,,5490
2021-02-14,1 wk ahead cum death,2021-02-20,California,point,,49632
2021-02-14,1 wk ahead cum death,2021-02-20,Colorado,point,,5956
2021-02-14,1 wk ahead cum death,2021-02-20,Connecticut,point,,7544
2021-02-14,1 wk ahead cum death,2021-02-20,Delaware,point,,1332
2021-02-14,1 wk ahead cum death,2021-02-20,,point,,1010
2021-02-14,1 wk ahead cum death,2021-02-20,Florida,point,,29887
2021-02-14,1 wk ahead cum death,2021-02-20,Georgia,point,,16687
2021-02-14,1 wk ahead cum death,2021-02-20,Hawaii,point,,455
2021-02-14,1 wk ahead cum death,2021-02-20,Idaho,point,,1877
2021-02-14,1 wk ahead cum death,2021-02-20,Illinois,point,,22555
2021-02-14,1 wk ahead cum death,2021-02-20,Indiana,point,,12897
2021-02-14,1 wk ahead cum death,2021-02-20,Iowa,point,,5457
2021-02-14,1 wk ahead cum death,2021-02-20,Kansas,point,,4529
2021-02-14,1 wk ahead cum death,2021-02-20,Kentucky,point,,4620
2021-02-14,1 wk ahead cum death,2021-02-20,Louisiana,point,,9599
2021-02-14,1 wk ahead cum death,2021-02-20,Maine,point,,699
2021-02-14,1 wk ahead cum death,2021-02-20,Maryland,point,,7769
2021-02-14,1 wk ahead cum death,2021-02-20,Massachusetts,point,,15776
2021-02-14,1 wk ahead cum death,2021-02-20,Michigan,point,,16297
2021-02-14,1 wk ahead cum death,2021-02-20,Minnesota,point,,6553
2021-02-14,1 wk ahead cum death,2021-02-20,Mississippi,point,,6705
2021-02-14,1 wk ahead cum death,2021-02-20,Missouri,point,,7584
2021-02-14,1 wk ahead cum death,2021-02-20,Montana,point,,1387
2021-02-14,1 wk ahead cum death,2021-02-20,Nebraska,point,,2093
2021-02-14,1 wk ahead cum death,2021-02-20,Nevada,point,,4916
2021-02-14,1 wk ahead cum death,2021-02-20,New Hampshire,point,,1184
2021-02-14,1 wk ahead cum death,2021-02-20,New Jersey,point,,22927
2021-02-14,1 wk ahead cum death,2021-02-20,New Mexico,point,,3632
2021-02-14,1 wk ahead cum death,2021-02-20,New York,point,,46905
2021-02-14,1 wk ahead cum death,2021-02-20,North Carolina,point,,11090
2021-02-14,1 wk ahead cum death,2021-02-20,North Dakota,point,,1488
2021-02-14,1 wk ahead cum death,2021-02-20,Ohio,point,,17100
2021-02-14,1 wk ahead cum death,2021-02-20,Oklahoma,point,,4274
2021-02-14,1 wk ahead cum death,2021-02-20,Oregon,point,,2246
2021-02-14,1 wk ahead cum death,2021-02-20,Pennsylvania,point,,23853
2021-02-14,1 wk ahead cum death,2021-02-20,Rhode Island,point,,2354
2021-02-14,1 wk ahead cum death,2021-02-20,South Carolina,point,,8390
2021-02-14,1 wk ahead cum death,2021-02-20,South Dakota,point,,1880
2021-02-14,1 wk ahead cum death,2021-02-20,Tennessee,point,,11415
2021-02-14,1 wk ahead cum death,2021-02-20,Texas,point,,43329
2021-02-14,1 wk ahead cum death,2021-02-20,Utah,point,,1346
2021-02-14,1 wk ahead cum death,2021-02-20,Vermont,point,,207
2021-02-14,1 wk ahead cum death,2021-02-20,Virginia,point,,7395
2021-02-14,1 wk ahead cum death,2021-02-20,Washington,point,,4870
2021-02-14,1 wk ahead cum death,2021-02-20,West Virginia,point,,2317
2021-02-14,1 wk ahead cum death,2021-02-20,Wisconsin,point,,6940
2021-02-14,1 wk ahead cum death,2021-02-20,Wyoming,point,,672
2021-02-21,1 wk ahead cum death,2021-02-27,US,point,,509656
2021-02-21,1 wk ahead cum death,2021-02-27,Alabama,point,,10109
2021-02-21,1 wk ahead cum death,2021-02-27,Alaska,point,,310
2021-02-21,1 wk ahead cum death,2021-02-27,Arizona,point,,15970
2021-02-21,1 wk ahead cum death,2021-02-27,Arkansas,point,,5512
2021-02-21,1 wk ahead cum death,2021-02-27,California,point,,51212
2021-02-21,1 wk ahead cum death,2021-02-27,Colorado,point,,5990
2021-02-21,1 wk ahead cum death,2021-02-27,Connecticut,point,,7655
2021-02-21,1 wk ahead cum death,2021-02-27,Delaware,point,,1392
2021-02-21,1 wk ahead cum death,2021-02-27,,point,,1020
2021-02-21,1 wk ahead cum death,2021-02-27,Florida,point,,30705
2021-02-21,1 wk ahead cum death,2021-02-27,Georgia,point,,17305
2021-02-21,1 wk ahead cum death,2021-02-27,Hawaii,point,,443
2021-02-21,1 wk ahead cum death,2021-02-27,Idaho,point,,1882
2021-02-21,1 wk ahead cum death,2021-02-27,Illinois,point,,22709
2021-02-21,1 wk ahead cum death,2021-02-27,Indiana,point,,12705
2021-02-21,1 wk ahead cum death,2021-02-27,Iowa,point,,5468
2021-02-21,1 wk ahead cum death,2021-02-27,Kansas,point,,4695
2021-02-21,1 wk ahead cum death,2021-02-27,Kentucky,point,,4640
2021-02-21,1 wk ahead cum death,2021-02-27,Louisiana,point,,9627
2021-02-21,1 wk ahead cum death,2021-02-27,Maine,point,,677
2021-02-21,1 wk ahead cum death,2021-02-27,Maryland,point,,7847
2021-02-21,1 wk ahead cum death,2021-02-27,Massachusetts,point,,16088
2021-02-21,1 wk ahead cum death,2021-02-27,Michigan,point,,16352
2021-02-21,1 wk ahead cum death,2021-02-27,Minnesota,point,,6555
2021-02-21,1 wk ahead cum death,2021-02-27,Mississippi,point,,6689
2021-02-21,1 wk ahead cum death,2021-02-27,Missouri,point,,7782
2021-02-21,1 wk ahead cum death,2021-02-27,Montana,point,,1362
2021-02-21,1 wk ahead cum death,2021-02-27,Nebraska,point,,2092
2021-02-21,1 wk ahead cum death,2021-02-27,Nevada,point,,5013
2021-02-21,1 wk ahead cum death,2021-02-27,New Hampshire,point,,1180
2021-02-21,1 wk ahead cum death,2021-02-27,New Jersey,point,,23195
2021-02-21,1 wk ahead cum death,2021-02-27,New Mexico,point,,3683
2021-02-21,1 wk ahead cum death,2021-02-27,New York,point,,47601
2021-02-21,1 wk ahead cum death,2021-02-27,North Carolina,point,,11393
2021-02-21,1 wk ahead cum death,2021-02-27,North Dakota,point,,1484
2021-02-21,1 wk ahead cum death,2021-02-27,Ohio,point,,16952
2021-02-21,1 wk ahead cum death,2021-02-27,Oklahoma,point,,4342
2021-02-21,1 wk ahead cum death,2021-02-27,Oregon,point,,2222
2021-02-21,1 wk ahead cum death,2021-02-27,Pennsylvania,point,,23972
2021-02-21,1 wk ahead cum death,2021-02-27,Rhode Island,point,,2423
2021-02-21,1 wk ahead cum death,2021-02-27,South Carolina,point,,8553
2021-02-21,1 wk ahead cum death,2021-02-27,South Dakota,point,,1877
2021-02-21,1 wk ahead cum death,2021-02-27,Tennessee,point,,11457
2021-02-21,1 wk ahead cum death,2021-02-27,Texas,point,,43500
2021-02-21,1 wk ahead cum death,2021-02-27,Utah,point,,1355
2021-02-21,1 wk ahead cum death,2021-02-27,Vermont,point,,204
2021-02-21,1 wk ahead cum death,2021-02-27,Virginia,point,,7417
2021-02-21,1 wk ahead cum death,2021-02-27,Washington,point,,4967
2021-02-21,1 wk ahead cum death,2021-02-27,West Virginia,point,,2294
2021-02-21,1 wk ahead cum death,2021-02-27,Wisconsin,point,,6961
2021-02-21,1 wk ahead cum death,2021-02-27,Wyoming,point,,681
2021-02-28,1 wk ahead cum death,2021-03-06,US,point,,523789
2021-02-28,1 wk ahead cum death,2021-03-06,Alabama,point,,10255
2021-02-28,1 wk ahead cum death,2021-03-06,Alaska,point,,316
2021-02-28,1 wk ahead cum death,2021-03-06,Arizona,point,,16414
2021-02-28,1 wk ahead cum death,2021-03-06,Arkansas,point,,5535
2021-02-28,1 wk ahead cum death,2021-03-06,California,point,,54179
2021-02-28,1 wk ahead cum death,2021-03-06,Colorado,point,,6060
2021-02-28,1 wk ahead cum death,2021-03-06,Connecticut,point,,7730
2021-02-28,1 wk ahead cum death,2021-03-06,Delaware,point,,1447
2021-02-28,1 wk ahead cum death,2021-03-06,,point,,1025
2021-02-28,1 wk ahead cum death,2021-03-06,Florida,point,,31567
2021-02-28,1 wk ahead cum death,2021-03-06,Georgia,point,,17796
2021-02-28,1 wk ahead cum death,2021-03-06,Hawaii,point,,450
2021-02-28,1 wk ahead cum death,2021-03-06,Idaho,point,,1910
2021-02-28,1 wk ahead cum death,2021-03-06,Illinois,point,,22972
2021-02-28,1 wk ahead cum death,2021-03-06,Indiana,point,,12774
2021-02-28,1 wk ahead cum death,2021-03-06,Iowa,point,,5659
2021-02-28,1 wk ahead cum death,2021-03-06,Kansas,point,,4828
2021-02-28,1 wk ahead cum death,2021-03-06,Kentucky,point,,4795
2021-02-28,1 wk ahead cum death,2021-03-06,Louisiana,point,,9735
2021-02-28,1 wk ahead cum death,2021-03-06,Maine,point,,718
2021-02-28,1 wk ahead cum death,2021-03-06,Maryland,point,,7973
2021-02-28,1 wk ahead cum death,2021-03-06,Massachusetts,point,,16339
2021-02-28,1 wk ahead cum death,2021-03-06,Michigan,point,,16663
2021-02-28,1 wk ahead cum death,2021-03-06,Minnesota,point,,6619
2021-02-28,1 wk ahead cum death,2021-03-06,Mississippi,point,,6779
2021-02-28,1 wk ahead cum death,2021-03-06,Missouri,point,,8467
2021-02-28,1 wk ahead cum death,2021-03-06,Montana,point,,1379
2021-02-28,1 wk ahead cum death,2021-03-06,Nebraska,point,,2159
2021-02-28,1 wk ahead cum death,2021-03-06,Nevada,point,,5092
2021-02-28,1 wk ahead cum death,2021-03-06,New Hampshire,point,,1193
2021-02-28,1 wk ahead cum death,2021-03-06,New Jersey,point,,23551
2021-02-28,1 wk ahead cum death,2021-03-06,New Mexico,point,,3787
2021-02-28,1 wk ahead cum death,2021-03-06,New York,point,,48334
2021-02-28,1 wk ahead cum death,2021-03-06,North Carolina,point,,11597
2021-02-28,1 wk ahead cum death,2021-03-06,North Dakota,point,,1502
2021-02-28,1 wk ahead cum death,2021-03-06,Ohio,point,,17433
2021-02-28,1 wk ahead cum death,2021-03-06,Oklahoma,point,,4522
2021-02-28,1 wk ahead cum death,2021-03-06,Oregon,point,,2261
2021-02-28,1 wk ahead cum death,2021-03-06,Pennsylvania,point,,24247
2021-02-28,1 wk ahead cum death,2021-03-06,Rhode Island,point,,2557
2021-02-28,1 wk ahead cum death,2021-03-06,South Carolina,point,,8766
2021-02-28,1 wk ahead cum death,2021-03-06,South Dakota,point,,1909
2021-02-28,1 wk ahead cum death,2021-03-06,Tennessee,point,,11657
2021-02-28,1 wk ahead cum death,2021-03-06,Texas,point,,44571
2021-02-28,1 wk ahead cum death,2021-03-06,Utah,point,,2007
2021-02-28,1 wk ahead cum death,2021-03-06,Vermont,point,,213
2021-02-28,1 wk ahead cum death,2021-03-06,Virginia,point,,8640
2021-02-28,1 wk ahead cum death,2021-03-06,Washington,point,,5085
2021-02-28,1 wk ahead cum death,2021-03-06,West Virginia,point,,2337
2021-02-28,1 wk ahead cum death,2021-03-06,Wisconsin,point,,7106
2021-02-28,1 wk ahead cum death,2021-03-06,Wyoming,point,,686
